Rank,\rho_l - LD Data,q_j (rho_l),\gamma - ST Data,q_j (gamma)
1,sigma_O1,1876.0265222988314,epsilon_C1,68.47901213484222
2,sigma_H1,563.2764026154367,sigma_O1,49.834234343613
3,sigma_C1,234.47238529683617,sigma_C1,43.09864489025331
4,epsilon_C1,232.79160741007647,epsilon_O1,38.85005354038489
5,epsilon_O1,55.425062511539814,epsilon_H1,14.464840722366143
6,epsilon_H1,18.757445407558137,sigma_H1,5.383845128156981
7,epsilon_H2,0.0,epsilon_H2,0.0
8,sigma_H2,0.0,sigma_H2,0.0
