Rank,\rho_l - LD Data,q_j (rho_l),\gamma - IFT Data,q_j (gamma)
1,sigma_O1,1876.026521189835,epsilon_C1,68.45582011719728
2,sigma_H1,563.2764041434173,sigma_O1,49.86433602507341
3,sigma_C1,234.47238270899877,sigma_C1,43.131974956756636
4,epsilon_C1,232.79160343919577,epsilon_O1,38.809106174876185
5,temperature,77.42001153306916,temperature,15.465214155629978
6,epsilon_O1,55.425063378675134,epsilon_H1,14.449597313170782
7,epsilon_H1,18.757445582564117,sigma_H1,5.380231097027246
8,epsilon_H2,0.0,epsilon_H2,0.0
9,sigma_H2,0.0,sigma_H2,0.0
