Rank,\rho_l - LD Data,q_j (rho_l),\gamma - IFT Data,q_j (gamma)
1,sigma_O1,2417.288919243434,sigma_O1,183.2363710097536
2,sigma_H1,1368.2252764057675,sigma_C1,157.10496839002423
3,sigma_C1,944.2454147767551,epsilon_C1,116.93151534285448
4,epsilon_C1,374.6750209603505,epsilon_O1,54.11850790153801
5,epsilon_H1,174.80330773345506,sigma_H1,52.760981929337945
6,epsilon_O1,161.37507266183343,temperature,21.708766154757104
7,temperature,116.2949341782014,epsilon_H1,20.17852329242955
8,epsilon_H2,0.0,epsilon_H2,0.0
9,sigma_H2,0.0,sigma_H2,0.0
