Run,Iter,Min Obj,sigma_C1_min,sigma_H1_min,sigma_H2_min,sigma_O1_min,epsilon_C1_min,epsilon_H1_min,epsilon_H2_min,epsilon_O1_min,Min Obj Cum.,sigma_C1_cum,sigma_H1_cum,sigma_H2_cum,sigma_O1_cum,epsilon_C1_cum,epsilon_H1_cum,epsilon_H2_cum,epsilon_O1_cum,EG-sim_liq_density-sse,EG-sim_surf_tens-sse,Run Time,jac evals,func evals,Optimality,Term Status,Message
4,14,1.6249012880514957,3.821273867418007,1.5976727336857752,0.0,3.0991475345656934,24.12600542823153,3.978009908554005,0.0,123.10376605450212,1.6249012880514957,3.821273867418007,1.5976727336857752,0.0,3.0991475345656934,24.12600542823153,3.978009908554005,0.0,123.10376605450212,0.0613432229062013,0.3686760874583963,15.874451160430908,38.0,342.0,1.3616549058768871e+19,0.0,CONVERGENCE: RELATIVE REDUCTION OF F <= FACTR*EPSMCH
2,81,1.812624004490368,3.870439525344247,1.611509925995331,0.0,3.1086949484092585,23.94864233368318,7.959297645170441,0.0,103.3624920990654,1.812622871424604,3.870440598693897,1.6115214290045574,0.0,3.108702332466533,23.949065270979784,7.959248275097813,0.0,103.36275420143984,0.3234405763253716,0.4224701131253257,53.67699360847473,136.0,1224.0,1.3131354840233464e+19,0.0,CONVERGENCE: RELATIVE REDUCTION OF F <= FACTR*EPSMCH
3,20,8.277341732197867,3.258046274792057,2.3290605727209948,0.0,3.120894909029321,62.64987025591123,8.606519874104926,0.0,76.40667038958514,8.277335533542093,3.2580474959825514,2.3290613774933715,0.0,3.1208940556785327,62.64985826759145,8.606518521448256,0.0,76.40661351280838,0.4908684530578762,1.1572248351895598,23.108072519302368,57.0,513.0,1.3358611241497076e+19,0.0,CONVERGENCE: RELATIVE REDUCTION OF F <= FACTR*EPSMCH
1,25,11.468042896795996,3.578544200120474,1.9579222508846168,0.0,2.977997590330393,54.72430912468277,7.8642023611314205,0.0,105.50610222078596,11.468022758859048,3.5785428491152333,1.9579237187855467,0.0,2.977994314232137,54.72445249149848,7.86419551468678,0.0,105.50600767609,1.2232149826643932,0.1356148971920303,17.817925453186035,45.0,405.0,1.2956998095635272e+19,0.0,CONVERGENCE: RELATIVE REDUCTION OF F <= FACTR*EPSMCH
