Run,Iter,Min Obj,sigma_C1_min,sigma_H1_min,sigma_H2_min,sigma_O1_min,epsilon_C1_min,epsilon_H1_min,epsilon_H2_min,epsilon_O1_min,Min Obj Cum.,sigma_C1_cum,sigma_H1_cum,sigma_H2_cum,sigma_O1_cum,epsilon_C1_cum,epsilon_H1_cum,epsilon_H2_cum,epsilon_O1_cum,EG-sim_liq_density-sse,EG-sim_surf_tens-sse,Run Time,jac evals,func evals,Optimality,Term Status,Message
5,21,1.8735733159700951,3.8821321099593584,1.6071810602048209,0.0,3.1060860534233097,23.78399583174046,7.995807568797694,0.0,103.48500251031167,1.8735733159700951,3.8821321099593584,1.6071810602048209,0.0,3.1060860534233097,23.78399583174046,7.995807568797694,0.0,103.48500251031167,0.3516241380362299,0.4153908185107748,10.08671808242798,28.0,252.0,3.482562768981831e+18,0.0,CONVERGENCE: RELATIVE REDUCTION OF F <= FACTR*EPSMCH
1,25,1.9160873743122933,3.828475793743933,1.60288191459374,0.0,3.078177888746186,23.444203770413168,3.9858671623869473,0.0,123.17071607620916,1.9160873743122933,3.828475793743933,1.60288191459374,0.0,3.078177888746186,23.444203770413168,3.9858671623869473,0.0,123.17071607620916,0.1209258664575719,0.5247831060243098,9.777320146560667,28.0,252.0,3.479961784038803e+18,0.0,CONVERGENCE: RELATIVE REDUCTION OF F <= FACTR*EPSMCH
4,49,3.05620498304904,3.162238362383676,2.8266740278237017,0.0,3.0321004757318537,45.147233712103166,6.453721772102952,0.0,123.37525205295132,3.05620498304904,3.162238362383676,2.8266740278237017,0.0,3.0321004757318537,45.147233712103166,6.453721772102952,0.0,123.37525205295132,0.1776194189170973,0.6633732430166432,20.456680059432983,57.0,513.0,4.4041127472258094e+18,0.0,CONVERGENCE: RELATIVE REDUCTION OF F <= FACTR*EPSMCH
2,25,3.414144374296781,3.226895971595426,2.503994961732896,0.0,3.0652275519127947,61.25751214965355,8.430135873298063,0.0,76.15985839854886,3.414144374296781,3.226895971595426,2.503994961732896,0.0,3.0652275519127947,61.25751214965355,8.430135873298063,0.0,76.15985839854886,0.2748371251986344,0.7836143946659554,10.960310459136965,30.0,270.0,3.6228035300297866e+18,0.0,CONVERGENCE: RELATIVE REDUCTION OF F <= FACTR*EPSMCH
3,26,11.052497066222104,3.4950415397865244,1.8521230593683733,0.0,2.8508818258441515,51.4557074182777,7.473221006407505,0.0,101.7636701316,11.052497066222104,3.4950415397865244,1.8521230593683733,0.0,2.8508818258441515,51.4557074182777,7.473221006407505,0.0,101.7636701316,2.11405209817985,4.847565098456222,15.152641534805298,43.0,387.0,3.2032803378610806e+18,0.0,CONVERGENCE: RELATIVE REDUCTION OF F <= FACTR*EPSMCH
