Run,Iter,Min Obj,sigma_C1_min,sigma_H1_min,sigma_H2_min,sigma_O1_min,epsilon_C1_min,epsilon_H1_min,epsilon_H2_min,epsilon_O1_min,Min Obj Cum.,sigma_C1_cum,sigma_H1_cum,sigma_H2_cum,sigma_O1_cum,epsilon_C1_cum,epsilon_H1_cum,epsilon_H2_cum,epsilon_O1_cum,EG-sim_liq_density-sse,EG-sim_surf_tens-sse,Run Time,jac evals,func evals,Optimality,Term Status,Message
1,20,824.8073365707639,3.854324602944938,1.6502109510997445,0.0,3.1181332249455056,25.668681415333683,4.255632588886738,0.0,124.79040762676874,824.8073338562294,3.854322711190169,1.6502107978567349,0.0,3.1181320842423856,25.66873174242153,4.255638449206138,0.0,124.79041804244518,17.42494345192144,140.72636425711195,25.9562349319458,27.0,243.0,2.377041569121913e+20,0.0,CONVERGENCE: RELATIVE REDUCTION OF F <= FACTR*EPSMCH
5,9,876.2334914968014,3.8682576912205,1.6674724295330337,0.0,3.1349447009158284,26.6042110493756,8.116170058936126,0.0,105.26560936739264,876.2334914968014,3.8682576912205,1.6674724295330337,0.0,3.1349447009158284,26.6042110493756,8.116170058936126,0.0,105.26560936739264,18.641287470234644,172.62027807247162,23.051108360290527,23.0,207.0,2.424049382866277e+20,0.0,CONVERGENCE: RELATIVE REDUCTION OF F <= FACTR*EPSMCH
2,62,1041.0131780940765,3.2341522634554565,2.513344915054854,0.0,3.1459320163317903,61.0336705385566,8.38199359495764,0.0,77.10272022691002,1041.013173045826,3.234154466005564,2.5133420007119045,0.0,3.1459344726001053,61.03352376758481,8.381975240577246,0.0,77.10271417956348,12.45291429452779,141.5426416890593,66.21680235862732,75.0,675.0,2.264692775545e+20,0.0,CONVERGENCE: RELATIVE REDUCTION OF F <= FACTR*EPSMCH
4,11,1170.8256458207438,3.247162599445032,2.625573994549682,0.0,3.046474476412826,47.18158423895413,6.480692968849382,0.0,123.49683478879857,1170.8256458207438,3.247162599445032,2.625573994549682,0.0,3.046474476412826,47.18158423895413,6.480692968849382,0.0,123.49683478879857,35.332931310187284,139.63187925810072,19.237820625305176,19.0,171.0,2.2309290105008495e+20,0.0,CONVERGENCE: RELATIVE REDUCTION OF F <= FACTR*EPSMCH
3,19,2386.9621664163205,3.413154238410161,2.0742878960139723,0.0,3.082015739017633,43.66755029375152,6.44580040918406,0.0,96.71033694486532,2386.9621664163205,3.413154238410161,2.0742878960139723,0.0,3.082015739017633,43.66755029375152,6.44580040918406,0.0,96.71033694486532,501.7613558678388,563.328890855173,24.46048164367676,25.0,225.0,2.3007954977292888e+20,0.0,CONVERGENCE: RELATIVE REDUCTION OF F <= FACTR*EPSMCH
