sigma_C1,sigma_H1,sigma_H2,sigma_O1,epsilon_C1,epsilon_H1,epsilon_H2,epsilon_O1
3.7687693584816806,1.8006265046689882,0.0,3.150794054999308,31.58664337202449,6.659020582815846,0.0,97.29535710984494
3.3021065441183257,2.47386355264602,0.0,3.164522627677867,62.773716073003584,2.687198013803436,0.0,75.00000000000001
3.2290484940227,2.6812712932549627,0.0,3.039945693011634,50.68346396838392,6.1786778530776445,0.0,122.20596885849932
