sigma_C1,sigma_H1,sigma_H2,sigma_O1,epsilon_C1,epsilon_H1,epsilon_H2,epsilon_O1
3.854322711190169,1.6502107978567349,0.0,3.1181320842423856,25.66873174242153,4.255638449206138,0.0,124.79041804244518
3.8682576912205,1.6674724295330337,0.0,3.1349447009158284,26.6042110493756,8.116170058936126,0.0,105.26560936739264
3.234154466005564,2.5133420007119045,0.0,3.1459344726001053,61.03352376758481,8.381975240577246,0.0,77.10271417956348
3.247162599445032,2.625573994549682,0.0,3.046474476412826,47.18158423895413,6.480692968849382,0.0,123.49683478879857
3.413154238410161,2.0742878960139723,0.0,3.082015739017633,43.66755029375152,6.44580040918406,0.0,96.71033694486532
