,sigma_C1,sigma_H1,sigma_H2,sigma_O1,epsilon_C1,epsilon_H1,epsilon_H2,epsilon_O1,mse_liq_density,mapd_liq_density,mae_liq_density,mpd_liq_density,mse_surf_tens,mapd_surf_tens,mae_surf_tens,mpd_surf_tens,mse_vap_density,mapd_vap_density,mae_vap_density,mpd_vap_density,mse_Pvap,mapd_Pvap,mae_Pvap,mpd_Pvap,mse_Hvap,mapd_Hvap,mae_Hvap,mpd_Hvap,mse_diff_coeff,mapd_diff_coeff,mae_diff_coeff,mpd_diff_coeff,mse_Tc,mapd_Tc,mae_Tc,mpd_Tc,mse_rhoc,mapd_rhoc,mae_rhoc,mpd_rhoc,molecule
0,0.38869251367021,0.16627096784944,0.0,0.28566483690511,0.55000680677844,0.02629373254094,0.0,0.83070007160411,2133.4202010965128,5.29769889601969,27.8480548901626,5.29769889601969,3.4314365280726196,33.17117670876567,1.5354959523809524,25.746812390938057,19.287183523444227,60.59371626217527,2.640022997574773,-60.59371626217527,27.051065240690814,66.619816303439,3.0140895528403786,-66.619816303439,41957.38580027624,14.111702121314778,166.09633821397034,13.139845230225939,,,,,,,,,,,,,MeOH
