,t_exp,est_Hvap,H_method,expt_Hvap,apd_Hvap,mapd_Hvap,sigma_C1,sigma_H1,sigma_H2,sigma_O1,epsilon_C1,epsilon_H1,epsilon_H2,epsilon_O1
0,200.0,1571.6495323074053,direct,1289.99,21.834241529578154,13.982365464022628,0.38869251367021,0.16627096784944,0.0,0.28566483690511,0.55000680677844,0.02629373254094,0.0,0.83070007160411
1,250.0,1529.5673579596505,direct,1234.79,23.872671301164615,13.982365464022628,0.38869251367021,0.16627096784944,0.0,0.28566483690511,0.55000680677844,0.02629373254094,0.0,0.83070007160411
2,300.0,1401.9735644330358,direct,1166.17,20.220342182789448,13.982365464022628,0.38869251367021,0.16627096784944,0.0,0.28566483690511,0.55000680677844,0.02629373254094,0.0,0.83070007160411
3,350.0,1169.8704948543918,direct,1075.936,8.730490926448406,13.982365464022628,0.38869251367021,0.16627096784944,0.0,0.28566483690511,0.55000680677844,0.02629373254094,0.0,0.83070007160411
4,400.0,1007.9401258387161,direct,944.57,6.708886142765071,13.982365464022628,0.38869251367021,0.16627096784944,0.0,0.28566483690511,0.55000680677844,0.02629373254094,0.0,0.83070007160411
5,450.0,720.5065240513949,direct,739.19,2.527560701390059,13.982365464022628,0.38869251367021,0.16627096784944,0.0,0.28566483690511,0.55000680677844,0.02629373254094,0.0,0.83070007160411
6,500.0,,skipped,547.03,,13.982365464022628,0.38869251367021,0.16627096784944,0.0,0.28566483690511,0.55000680677844,0.02629373254094,0.0,0.83070007160411
