param_rank,sensitivity_score
sigma_H1,173.7777631409258
sigma_S1,129.0733798996605
sigma_C1,77.25415677919075
epsilon_C1,72.55833820398064
epsilon_S1,53.565932961252834
epsilon_H1,33.35808962319305
epsilon_O1,21.751308883473556
sigma_O1,6.456764420174683e-06
