param_rank,sensitivity_score
sigma_O1,2943.6074782723203
sigma_O2,2282.8960879113
sigma_H1,1710.861446809934
sigma_C1,1002.2110227067876
sigma_H2,557.9820652980873
epsilon_C1,296.5029153034776
sigma_C2,273.5912183296073
epsilon_H1,228.7766177789757
epsilon_C2,224.3252369493411
temperature,202.30543275031715
epsilon_O1,140.45968727536788
epsilon_H2,57.35678848089407
epsilon_O2,24.19077670629453
sigma_H3,5.876145197488376e-14
sigma_H4,4.411393489738502e-14
epsilon_H3,5.004440020488805e-15
epsilon_H4,0.0
