param_rank,sensitivity_score
sigma_O1,1864.0640556922936
sigma_H1,680.8934856238457
sigma_O2,626.5489783123749
sigma_C1,423.747280328487
epsilon_C2,104.00494720673407
epsilon_C1,79.98393532462546
sigma_C2,78.19225346146959
sigma_H2,76.37318175155453
temperature,48.48457022000534
epsilon_H1,33.92024221931303
epsilon_H2,16.29645953417581
epsilon_O2,8.439093773170914
epsilon_O1,0.5501217192775882
sigma_H3,3.145619506758373e-22
sigma_H4,1.627314764877922e-22
epsilon_H3,1.3228484579928027e-25
epsilon_H4,0.0
