param_rank,sensitivity_score
epsilon_C1,8.81307757321238
epsilon_H1,3.9875372177042014
epsilon_O1,3.200107987671577
sigma_C1,6.735478902184326e-47
sigma_O1,2.0686848336765396e-48
sigma_H1,1.3509445289513816e-49
epsilon_H2,0.0
sigma_H2,0.0
