,sigma_C1,sigma_C2,sigma_C3,sigma_H1,sigma_H2,sigma_O1,sigma_O2,epsilon_C1,epsilon_C2,epsilon_C3,epsilon_H1,epsilon_H2,epsilon_O1,epsilon_O2,mse_liq_density,mapd_liq_density,mae_liq_density,mpd_liq_density,mse_surf_tens,mapd_surf_tens,mae_surf_tens,mpd_surf_tens,mse_vap_density,mapd_vap_density,mae_vap_density,mpd_vap_density,mse_Pvap,mapd_Pvap,mae_Pvap,mpd_Pvap,mse_Hvap,mapd_Hvap,mae_Hvap,mpd_Hvap,mse_diff_coeff,mapd_diff_coeff,mae_diff_coeff,mpd_diff_coeff,mse_Tc,mapd_Tc,mae_Tc,mpd_Tc,mse_rhoc,mapd_rhoc,mae_rhoc,mpd_rhoc,molecule
0,0.380371299910442,0.23494219448551992,0.3954858939901073,0.21413763573256842,0.266869042148572,0.31415140653923457,0.24395745446143013,0.527598149121394,0.4555429776421998,0.11588740706955027,0.025293413713876667,0.060838503802465596,0.7547072177213723,0.9123433233864654,1805.5549719595476,4.437672887921462,41.99086339194793,-4.437672887921461,33.83481324499998,24.08385990907346,5.791426666666665,-24.08385990907346,,,,,,,,,,,,,,,,,,,,,,,,,DEC
1,0.380371299910442,0.23494219448551992,0.3954858939901073,0.21413763573256842,0.266869042148572,0.31415140653923457,0.24395745446143013,0.527598149121394,0.4555429776421998,0.11588740706955027,0.025293413713876667,0.0608385038024656,0.7547072177213723,0.9123433233864654,,,,,,,,,6.754096826594061,1445.8724815299206,2.2889414366217498,1445.8724815299208,0.21590553448124064,264.82846068839507,0.409980757396475,264.82846068839507,,,,,,,,,,,,,,,,,DEC
