sigma_C1,sigma_C2,sigma_C3,sigma_H1,sigma_H2,sigma_O1,sigma_O2,epsilon_C1,epsilon_C2,epsilon_C3,epsilon_H1,epsilon_H2,epsilon_O1,epsilon_O2
3.302806447531992,3.962154252049817,2.4808605375875854,2.414373378418865,2.3899912742260536,3.5522519994801094,2.623242080550916,70.22124071354459,23.083376126048623,63.71629417710623,7.618884914021216,2.1001146394580608,42.60202421393622,130.39480001571064
2.796554600249755,3.8166830396767977,3.7967604899409495,2.68080800738696,2.4867325189531697,2.3809465567754766,3.141099891808765,73.14139661079487,50.383194935160176,46.25317208759292,4.464791795805652,9.39317475334103,98.58717014505606,79.19987808666791
2.9099099716893333,3.87558354961024,3.9553903257421386,2.2661327657363453,2.868687656287834,3.007038352547014,3.2262269884683423,29.15143927154101,50.61461789300652,38.47222291993718,2.564051182475603,2.8698187521091705,92.89453304104576,100.4195665715488
2.8295755052279525,3.4448124671296383,3.275213688507048,2.698888277029826,2.945234849066716,3.10317244006449,2.074068208027256,71.75498826633958,73.3420238616696,72.69919201498826,5.778723463588855,9.642778747731263,54.476704442748805,77.83985979499792
3.813782395350636,2.301855332192197,3.930562837522306,2.12486039565917,2.685458190567347,3.0696028725715525,2.0255231592608416,72.68907967358508,54.37816883302754,49.35014361490556,2.7269318421843605,8.896626481706917,91.11354349701368,92.91825471286948
