sigma_C1,sigma_C2,sigma_C3,sigma_H1,sigma_H2,sigma_O1,sigma_O2,epsilon_C1,epsilon_C2,epsilon_C3,epsilon_H1,epsilon_H2,epsilon_O1,epsilon_O2
3.3328265708678293,3.9620328795131954,2.443505793031989,2.3968980201612062,2.396786973012708,3.6012874028427966,2.602694162021399,69.2964345897664,23.16716244696935,63.22234805032237,7.592053669906813,2.066387172935657,45.53049488713173,129.9583793968982
2.79791119261473,3.8166801868393865,3.795838940575732,2.6823967804605338,2.4872367521477474,2.379156901827986,3.13841039323598,73.24804916089303,50.387657572878496,46.28680025796689,4.468145036123197,9.382951055323575,98.57717825773808,79.28314544637284
3.813098803885464,2.301806217066145,3.941845969439037,2.1256005795016475,2.686327202450972,3.0415494763464688,2.0178009995192063,72.31398273383948,54.3831000864658,49.76364453452592,2.9591854601090413,8.679501159208595,90.97583888262164,92.69816735329034
