Run,Iter,Min Obj,sigma_C1_min,sigma_H1_min,sigma_H2_min,sigma_O1_min,epsilon_C1_min,epsilon_H1_min,epsilon_H2_min,epsilon_O1_min,Min Obj Cum.,sigma_C1_cum,sigma_H1_cum,sigma_H2_cum,sigma_O1_cum,epsilon_C1_cum,epsilon_H1_cum,epsilon_H2_cum,epsilon_O1_cum,MeOH-sim_liq_density-sse,MeOH-sim_surf_tens-sse,Run Time,jac evals,func evals,Optimality,Term Status,Message
2,21,0.7120407966696634,3.872062171874288,1.9893752056411007,0.0,2.8995619758103293,52.50909786984453,5.484986061217509,0.0,113.21314088133155,0.7120407966696634,3.872062171874288,1.9893752056411007,0.0,2.8995619758103293,52.50909786984453,5.484986061217509,0.0,113.21314088133155,0.1510962177991729,0.4222331645935054,15.900810956954956,40.0,360.0,3.910481101751966e+17,0.0,CONVERGENCE: RELATIVE REDUCTION OF F <= FACTR*EPSMCH
4,13,1.1987158037933987,3.7825051851379503,2.364886682747152,0.0,2.8861534962549373,47.971095824901454,6.005650317346252,0.0,110.7850790514702,1.1987158037933987,3.7825051851379503,2.364886682747152,0.0,2.8861534962549373,47.971095824901454,6.005650317346252,0.0,110.7850790514702,0.1063103109924301,0.9488444935443344,12.030531883239746,29.0,261.0,4.141070482195452e+17,0.0,CONVERGENCE: RELATIVE REDUCTION OF F <= FACTR*EPSMCH
1,13,1.8353277290019612,3.848715981492923,1.88005397518662,0.0,2.940090260032544,59.69334437128697,7.440754507940616,0.0,84.61040160640076,1.8353277290019612,3.848715981492923,1.88005397518662,0.0,2.940090260032544,59.69334437128697,7.440754507940616,0.0,84.61040160640076,0.4860469504117561,1.1888748149572752,9.938453674316406,24.0,216.0,3.747895975685769e+17,0.0,CONVERGENCE: RELATIVE REDUCTION OF F <= FACTR*EPSMCH
3,48,6.693529956251527,3.623179154240445,2.0290321330321106,0.0,2.981425490951,55.275609876005774,6.967733509678355,0.0,109.87606928200432,6.693529891279497,3.623180754708573,2.0290362570160725,0.0,2.981421322550456,55.275417577274425,6.967712410264029,0.0,109.87592115315756,3.724361715831208,2.7660677649205185,29.411470651626587,73.0,657.0,3.210847675598871e+17,0.0,CONVERGENCE: RELATIVE REDUCTION OF F <= FACTR*EPSMCH
