Run,Iter,Min Obj,sigma_C1_min,sigma_H1_min,sigma_H2_min,sigma_O1_min,epsilon_C1_min,epsilon_H1_min,epsilon_H2_min,epsilon_O1_min,Min Obj Cum.,sigma_C1_cum,sigma_H1_cum,sigma_H2_cum,sigma_O1_cum,epsilon_C1_cum,epsilon_H1_cum,epsilon_H2_cum,epsilon_O1_cum,MeOH-sim_liq_density-sse,MeOH-sim_surf_tens-sse,Run Time,jac evals,func evals,Optimality,Term Status,Message
4,43,4738.851368636351,3.8461861675458566,2.0094660774161763,0.0,2.951854347761806,63.37080876959271,3.8797537133359343,0.0,103.4705543878076,4738.85136483519,3.846191714971712,2.009463415339069,0.0,2.951859892163724,63.37086141061662,3.879747956732469,0.0,103.4704256963617,5.680394210584441,86.82022066111756,79.63011121749878,64.0,576.0,81.19968025579536,0.0,CONVERGENCE: RELATIVE REDUCTION OF F <= FACTR*EPSMCH
2,63,4739.745969279471,3.846803867263613,2.0047411786591995,0.0,2.953354611298315,53.38945950619157,5.548465231561338,0.0,113.48959609518204,4739.745499769598,3.846821711474647,2.0047460555756222,0.0,2.9533638228129626,53.38987874436072,5.5484995175857295,0.0,113.4899679898307,6.734280812905644,88.8084575074027,126.88637590408324,108.0,972.0,178.4792255084821,2.0,ABNORMAL: 
3,34,4740.410520765924,3.846831613813242,2.0110537615540065,0.0,2.951583080111857,49.31152339360207,6.545573293807026,0.0,114.1503219255595,4740.410414021824,3.846832828976442,2.011054097812992,0.0,2.9515837062267303,49.31154925947755,6.545576284666264,0.0,114.15034768536896,7.399499495387481,86.50295524422455,76.69882583618164,62.0,558.0,144.70969002575717,2.0,ABNORMAL: 
1,52,4749.726661691105,3.848827298179,2.006084811273852,0.0,2.954267952054273,58.402736393373885,7.347130711148172,0.0,83.80673412835989,4749.726646445131,3.848827360173149,2.0060825691635804,0.0,2.954269816629524,58.40261887972827,7.347135550145204,0.0,83.8068179315544,14.6267810277303,90.7115621759724,74.99202990531921,60.0,540.0,333.0114575006661,0.0,CONVERGENCE: RELATIVE REDUCTION OF F <= FACTR*EPSMCH
