sigma_C1,sigma_H1,sigma_H2,sigma_O1,epsilon_C1,epsilon_H1,epsilon_H2,epsilon_O1,sim_liq_density,sim_surf_tens,is_pareto,Min Obj
0.3772671207422644,0.1846781957985291,0.0,0.3230990706933719,0.5745961771229269,0.0699380310079252,0.0,0.9791694590924628,0.004169265356334485,142.12727666134055,True,142.13144592669687
0.3811697121704057,0.2387237614498737,0.0,0.2907951836393932,0.4018299469152519,0.0507736019219751,0.0,0.9239916840898628,0.0060852089077174844,3.03107980856946,True,3.0371650174771774
0.3886925136702059,0.166270967849445,0.0,0.2856648369051079,0.5500068067784385,0.0262937325409419,0.0,0.8307000716041073,0.07569831495241278,3.767345168733577,False,3.8430434836859897
0.3887635137639257,0.1772912100305822,0.0,0.2930776483962904,0.3457169984169953,0.0605104421551477,0.0,0.9653398738632032,0.06340391805129701,5.543316360698725,False,5.606720278750022
0.3894938612022975,0.199081831175094,0.0,0.2913665764416338,0.4429980582507011,0.046287884991534,0.0,0.9470250704618928,0.014436637475671624,1.6270651528684734,True,1.6415017903441451
0.3900996857608811,0.1890462076558472,0.0,0.2971167813700334,0.5110323159606207,0.0636613636213274,0.0,0.7051061678008604,0.004559011426924917,6.728987069747289,True,6.733546081174214
0.3926766861912836,0.237483126420777,0.0,0.2695757125079928,0.3617791235231968,0.0484001973518349,0.0,1.1126669459770495,0.03296802750989314,6.81319578403534,False,6.8461638115452335
