sigma_C1,sigma_H1,sigma_H2,sigma_O1,epsilon_C1,epsilon_H1,epsilon_H2,epsilon_O1
3.875348425069733,2.0168399018445893,0.0,2.8943648006232485,51.98269186988543,5.391123064593248,0.0,113.02286359621348
3.8155498985861054,2.4085795501538234,0.0,2.842494794899176,50.37256338733056,5.489119387718765,0.0,114.40135041135298
3.859012694559041,1.955645704152924,0.0,2.915888660924145,59.1034813947924,7.04882550392709,0.0,87.002559673777
3.603967697384791,1.975266114845453,0.0,3.006352002477387,57.28592080353931,7.127019051624892,0.0,112.13672986732738
