sigma_C1,sigma_H1,sigma_H2,sigma_O1,epsilon_C1,epsilon_H1,epsilon_H2,epsilon_O1
3.846191714971712,2.009463415339069,0.0,2.951859892163724,63.37086141061662,3.879747956732469,0.0,103.4704256963617
3.846821711474647,2.0047460555756222,0.0,2.9533638228129626,53.38987874436072,5.5484995175857295,0.0,113.4899679898307
3.848827360173149,2.0060825691635804,0.0,2.954269816629524,58.40261887972827,7.347135550145204,0.0,83.8068179315544
