sigma_C1,sigma_H1,sigma_H2,sigma_O1,epsilon_C1,epsilon_H1,epsilon_H2,epsilon_O1
3.872062171874288,1.9893752056411007,0.0,2.8995619758103293,52.50909786984453,5.484986061217509,0.0,113.21314088133155
3.7825051851379503,2.364886682747152,0.0,2.8861534962549373,47.971095824901454,6.005650317346252,0.0,110.7850790514702
3.848715981492923,1.88005397518662,0.0,2.940090260032544,59.69334437128697,7.440754507940616,0.0,84.61040160640076
3.623180754708573,2.0290362570160725,0.0,2.981421322550456,55.275417577274425,6.967712410264029,0.0,109.87592115315756
