Rank,\rho_l - LD Data,q_j (rho_l),\gamma - IFT Data,q_j (gamma)
1,sigma_C1,236.96012962644778,sigma_O1,28.37561456019195
2,sigma_O1,221.00499234638835,temperature,21.06793268921927
3,sigma_H1,212.47770081885204,epsilon_C1,12.327244331992862
4,temperature,194.69897315914605,sigma_C1,11.206042658711073
5,epsilon_C1,124.5093771881682,sigma_H1,7.836816160905353
6,epsilon_O1,45.74840054482942,epsilon_H1,5.577545167845204
7,epsilon_H1,43.21404341018361,epsilon_O1,4.476133966329969
8,epsilon_H2,0.0,epsilon_H2,0.0
9,sigma_H2,0.0,sigma_H2,0.0
