Rank,\rho_l - LD Data,q_j (rho_l),\gamma - IFT Data,q_j (gamma)
1,sigma_O1,129.65723706948685,epsilon_C1,8.81307757321238
2,sigma_C1,75.70587910189607,epsilon_H1,3.9875372177042014
3,epsilon_C1,73.49119965988169,epsilon_O1,3.200107987671577
4,sigma_H1,73.36279203604614,sigma_C1,6.735478902184326e-47
5,epsilon_O1,30.011937589501443,sigma_O1,2.0686848336765396e-48
6,epsilon_H1,27.470489872456454,sigma_H1,1.3509445289513816e-49
7,epsilon_H2,0.0,epsilon_H2,0.0
8,sigma_H2,0.0,sigma_H2,0.0
