Rank,\rho_l - LD Data,q_j (rho_l),\gamma - IFT Data,q_j (gamma)
1,temperature,133.7981157781672,temperature,16.251016625179673
2,sigma_O1,129.65727229373084,epsilon_C1,8.813077573212379
3,sigma_C1,75.70590006679781,epsilon_H1,3.9875372177042148
4,epsilon_C1,73.49118382774536,epsilon_O1,3.2001079876715823
5,sigma_H1,73.36279083144342,sigma_C1,6.735478902184328e-47
6,epsilon_O1,30.011930983942097,sigma_O1,2.0686848336765365e-48
7,epsilon_H1,27.47048374148465,sigma_H1,1.3509445289513822e-49
8,epsilon_H2,0.0,epsilon_H2,0.0
9,sigma_H2,0.0,sigma_H2,0.0
