sigma_C1,sigma_H1,sigma_H2,sigma_O1,epsilon_C1,epsilon_H1,epsilon_H2,epsilon_O1
0.4047761270055442,0.3922483613296347,0.0,0.6932374930449422,-0.3929348117029254,-0.14687625948868768,0.0,-0.16046459555917628
0.26607255443481953,-0.2496648385167747,0.0,0.4955930440515456,0.7112361738315874,0.2214765828679046,0.0,0.25758809589576587
0.6598678524627866,0.4943188363835403,0.0,-0.5035490097063473,0.2377516936045343,0.09717931805539864,0.0,0.026306129262838623
-0.5736397264366758,0.7249642839811663,0.0,0.14081476386011443,0.3182580883174232,0.1552494174532615,0.0,0.012035825078208011
0.008257014556659755,0.04785715853106908,0.0,0.010748973531933891,-0.42507855261786764,0.6175235538071587,0.0,0.6599233730166175
0.028379324046542167,-0.10767571113319448,0.0,0.017417508296927176,-0.03520631049122554,0.7172823339911952,0.0,-0.6867049982700635
0.0,0.0,0.0,0.0,0.0,0.0,1.0,0.0
0.0,0.0,1.0,0.0,0.0,0.0,0.0,0.0
