param_rank,sensitivity_score
sigma_O1,129.65723706948685
sigma_C1,75.70587910189607
epsilon_C1,73.49119965988169
sigma_H1,73.36279203604614
epsilon_O1,30.011937589501443
epsilon_H1,27.470489872456454
epsilon_H2,0.0
sigma_H2,0.0
