,sigma_C1,sigma_H1,sigma_O1,sigma_S1,epsilon_C1,epsilon_H1,epsilon_O1,epsilon_S1,mse_liq_density,mapd_liq_density,mae_liq_density,mpd_liq_density,mse_surf_tens,mapd_surf_tens,mae_surf_tens,mpd_surf_tens,mse_vap_density,mapd_vap_density,mae_vap_density,mpd_vap_density,mse_Pvap,mapd_Pvap,mae_Pvap,mpd_Pvap,mse_Hvap,mapd_Hvap,mae_Hvap,mpd_Hvap,mse_diff_coeff,mapd_diff_coeff,mae_diff_coeff,mpd_diff_coeff,mse_Tc,mapd_Tc,mae_Tc,mpd_Tc,mse_rhoc,mapd_rhoc,mae_rhoc,mpd_rhoc,molecule
0,0.32361717864417,0.27266351759488,0.20195228639782,0.39601564486986,0.58826241192942,0.05820651496641,0.6364717008407,0.97486585346916,32.710600172833345,0.5292257433329478,5.658047635503135,-0.5292257433329478,0.5853852604545453,1.5640763578867831,0.633463636363637,0.20501009797227387,0.00024437733131343285,100.27786891949397,0.013759104652326465,100.27786891949395,2.975275781427261e-05,99.60906811156447,0.0047642897361299995,99.60906811156447,,,,,,,,,,,,,,,,,DMSO
