,sigma_C1,sigma_H1,sigma_O1,sigma_S1,epsilon_C1,epsilon_H1,epsilon_O1,epsilon_S1,mse_liq_density,mapd_liq_density,mae_liq_density,mpd_liq_density,mse_surf_tens,mapd_surf_tens,mae_surf_tens,mpd_surf_tens,mse_vap_density,mapd_vap_density,mae_vap_density,mpd_vap_density,mse_Pvap,mapd_Pvap,mae_Pvap,mpd_Pvap,mse_Hvap,mapd_Hvap,mae_Hvap,mpd_Hvap,mse_diff_coeff,mapd_diff_coeff,mae_diff_coeff,mpd_diff_coeff,mse_Tc,mapd_Tc,mae_Tc,mpd_Tc,mse_rhoc,mapd_rhoc,mae_rhoc,mpd_rhoc,molecule
0,0.2227006110676568,0.2193901800041801,0.320958006209332,0.4368614540088835,0.6142344405582831,0.08241686691091646,0.8210041946763484,0.9807593507969947,113.3473251275031,0.988461252763134,10.585549554527113,0.9884612527631341,1.6303689426666743,2.8162636251702224,1.1346600000000033,2.726329589361092,0.0017479505164471566,259.3291849954418,0.03934215540736523,259.3291849954418,0.00021216333757059498,257.93262004179047,0.013666345115807828,257.93262004179047,,,,,,,,,,,,,,,,,DMSO
