{"mol_name": "Gly", "iter": 5, "smiles": "C(C(CO)O)O", "T": 293.15, "P": 1.2022e-07, "rho_liq": 1261.1, "rho_thresh": 618.0000157243256, "mol_wt": 92.09, "aspect_ratio": 3.0, "nsteps_nvt_eq": 100000, "nsteps_npt_eq": 500000, "nsteps_npt_prod": 2500000, "max_sigma": 0.39999999999999997, "sigma_C1": 0.20772851239012907, "sigma_C2": 0.2928308512386376, "sigma_H1": 0.1653247333607429, "sigma_H2": 0.29339316637158486, "sigma_H3": 0.0, "sigma_H4": 0.0, "sigma_O1": 0.28126392616670487, "sigma_O2": 0.3926472708214527, "epsilon_C1": 0.6191274624624501, "epsilon_C2": 0.15609959599822834, "epsilon_H1": 0.05159548786787772, "epsilon_H2": 0.018547753902183776, "epsilon_H3": 0.0, "epsilon_H4": 0.0, "epsilon_O1": 0.8123853181303944, "epsilon_O2": 0.6790014520994735, "nmols": 384}