param_rank,sensitivity_score
epsilon_C2,167.80156140578586
sigma_O1,142.28448161270606
epsilon_C1,128.3194769042921
sigma_H1,123.49162603982428
sigma_C2,116.32658180597043
epsilon_O1,76.89147714340882
epsilon_C3,58.07231602367223
sigma_H2,56.16322399134557
epsilon_H1,28.794555417841526
sigma_C3,22.28526866381928
epsilon_O2,16.32147839062212
sigma_C1,13.920393964000661
sigma_O2,7.673926524244239
epsilon_H2,4.387682501391989
