sigma_C1,sigma_H1,sigma_O1,sigma_S1,epsilon_C1,epsilon_H1,epsilon_O1,epsilon_S1,temperature
0.39753194511644674,0.7112373454949416,0.49298395281028135,0.17385130302998048,-0.22723856752977725,-0.0013252429006308073,-0.06339104781815447,-0.05354572182900728,0.06578484308841553
0.3878831550749947,-0.5085575002369918,0.3621457973940473,0.5648950022550261,0.3329956111764423,0.06896733757135153,0.04565238553564181,0.00967044308145354,0.1511282777310544
0.6366301867634273,0.2137490105745343,-0.508638733439686,-0.18198220063443143,0.4935881906391908,-0.014888935352162918,0.029794002988264505,0.03036760777147119,-0.10733884071890278
-0.531363212352258,0.3972198889567196,0.08797750890502117,0.26049713745857456,0.6955178648958978,-0.012142820637117163,0.01214884951311192,0.003017250846585797,-0.014881157519550563
-0.05613811792024032,0.160512693754654,-0.5910587619632085,0.703139663057689,-0.3199681711525608,0.06087982062207247,0.03648447121519575,0.036965719787507505,0.1361792084449249
-0.021449649125759997,0.04788396923701762,-0.05704869089996348,-0.22992330124656016,0.07221251780795651,0.19841071176433556,0.06627833033280092,-0.024754180729029393,0.9442143377680257
-0.006673700430549955,0.06297442999042235,0.0794229467967244,-0.044150044583519246,-0.04595019584209529,0.3696489142062855,0.7388208619614149,0.5370524589877391,-0.12123985289229236
-0.013874646405917275,0.0009962849202431766,-0.011382789867126361,-0.02173061272085455,0.017967186738095383,0.8896637351251471,-0.4166673256601572,-0.07578798441336161,-0.16740625412077292
0.004640329695871541,-0.003802215025872314,0.017923583994424726,-0.0012347887524109182,0.008581110670457697,-0.15381019835533682,-0.5173686282904221,0.8366359104238809,0.09099491307973367
