sigma_C1,sigma_H1,sigma_O1,sigma_S1,epsilon_C1,epsilon_H1,epsilon_O1,epsilon_S1,temperature
0.02130028671172902,0.8713990288460031,0.4302109749456925,0.03910966701136693,-0.2139812767174826,0.0013361458237245208,-0.0393212993009157,-0.06659837564063975,0.0427516199317466
0.9390755515537498,-0.16138768407359247,0.2509243296165859,0.16508117880487427,-0.022773774798470554,-0.03299132495047419,-0.003548468903737342,-0.014565056402906696,0.006671152382013395
-0.083179358201255,0.10321318769498457,-0.23144369510902482,0.9540821252111676,0.11287566012199737,0.0592180828568125,0.041508262057011906,-0.011172442691039532,-0.022223665809213634
-0.31379525026973587,-0.3729885030064861,0.8320488425106445,0.19349947829590794,0.1547291187452721,0.07261739445804986,-0.04580350497995835,0.018900785219473543,-0.03154688880250296
0.09820191633577673,0.24811230690987401,-0.001839769575322971,-0.142239512336556,0.9275972733872597,0.1460334192688048,0.11349178242517002,0.10907469122284959,-0.0449563019363521
0.04251560941365512,-0.013926572609327281,-0.020175111871246865,-0.04318845476321938,-0.20384261916915,0.9353755028109249,0.2062816401481684,0.1597366643035282,-0.10573142453464651
-0.013492371978582407,0.03025520317928171,0.06061002739886489,0.021944169401807306,-0.12156744036926888,-0.29502029176153166,0.5821187532136793,0.7228092006271167,-0.17781017440993604
-0.022065498324959115,-0.03369690638876982,0.04335324030780264,-0.02504069408955023,-0.0012689459769734733,-0.06026578716826463,0.7591807220120041,-0.6443830586531744,-0.025546471322586504
-0.013304803780222772,-0.032246509610358486,0.010979014351829821,0.017262218183354685,0.015575165908429946,0.056636484893042564,0.1548232400006807,0.14062252791712776,0.9752791465346449
