param_rank,sensitivity_score
sigma_H1,2027.9318336612216
sigma_O1,1496.2877426454704
sigma_C1,1277.5615215166172
sigma_S1,845.389943040493
epsilon_C1,702.3226167890073
epsilon_S1,231.67449101502908
epsilon_H1,206.47283217670164
epsilon_O1,193.87316935103064
temperature,148.48831959824892
