sigma_C1,sigma_C2,sigma_H1,sigma_H2,sigma_H3,sigma_H4,sigma_O1,sigma_O2,epsilon_C1,epsilon_C2,epsilon_H1,epsilon_H2,epsilon_H3,epsilon_H4,epsilon_O1,epsilon_O2
2.0729040795485694,3.7707491789507017,1.9019030601632003,1.548809399534543,0.0,0.0,3.294096363235949,3.3139907573122707,31.536555073971307,46.30637546891272,7.749528952145331,5.507446639113883,0.0,0.0,106.43141328605414,99.41355697615128
2.0967627006399763,3.519147869987145,1.5569690651774049,2.798561167860373,0.0,0.0,3.280715956052471,3.4263066280350785,19.17555769835298,68.73730575242162,6.709676705532897,4.594434911557747,0.0,0.0,122.18266305963677,121.43914121990376
2.773824667041501,3.0676698088927123,1.5460462941496482,2.426312112484115,0.0,0.0,3.54369234683436,3.059306736312428,45.78459944669613,69.53267532179395,7.879649541159164,9.69458652314881,0.0,0.0,127.93181092954326,121.69854112787702
