sigma_C1,sigma_C2,sigma_H1,sigma_H2,sigma_H3,sigma_H4,sigma_O1,sigma_O2,epsilon_C1,epsilon_C2,epsilon_H1,epsilon_H2,epsilon_H3,epsilon_H4,epsilon_O1,epsilon_O2
2.068715371113756,3.761897073428062,1.8904291831096207,1.5455902798758243,0.0,0.0,3.295708807402761,3.3146184642797403,31.81953973380032,47.090539762980896,7.78943983336228,5.525162669645519,0.0,0.0,105.6313937749286,100.0661758792258
3.175788271444791,3.1440581547020674,1.554877120021929,2.411410493680812,0.0,0.0,3.5268772857994737,2.9116674258903705,35.47181445598896,52.20824306924879,8.05511496616177,7.773548758167951,0.0,0.0,132.21987229552067,108.37390091702092
2.170668694798387,3.580380668655556,1.5814462920092731,2.78340888273838,0.0,0.0,3.2406836532964705,3.50028065586004,16.40985555242914,65.05588459808351,6.48612772183416,4.474210497176435,0.0,0.0,129.9289470005499,118.44329503310183
