molecule,mapd_liq_density,mapd_surf_tens,Type
DMSO,0.20590545779912056,0.7299173389266331,Opt_All
DMSO,0.20590545779912056,0.7299173389266331,Opt_One
DMSO,0.521957942472012,0.7332891464348196,Literature
DMSO,0.4972374313643913,4.269270777386493,GAFF
