molecule,mapd_liq_density,mapd_surf_tens,Type
DMSO,0.10330854917416643,0.7294798468606553,Optimized Set (GP)
DMSO,0.5275205466604549,0.7350155781015696,Best IFT Set (GP)
DMSO,2.742500598816227,8.47237549122776,GAFF
