molecule,mapd_liq_density,mapd_surf_tens,Type
Gly,0.40187287147123857,2.0863050645141463,Optimized Set (GP)
Gly,0.4211037009714184,2.094062666140603,Best IFT Set (GP)
Gly,3.057063326281599,34.655017769013945,GAFF
