molecule,mapd_liq_density,mapd_surf_tens,Type
Gly,0.21921046570648448,11.09147535508453,Opt_All
Gly,0.36156065823678096,1.6644271341249226,Opt_One
Gly,0.36385448161994466,3.626631065229522,Literature
Gly,1.24519862557177,123.05372279605844,GAFF
