Run,Iter,Min Obj,sigma_C1_min,sigma_H1_min,sigma_O1_min,sigma_S1_min,epsilon_C1_min,epsilon_H1_min,epsilon_O1_min,epsilon_S1_min,Min Obj Cum.,sigma_C1_cum,sigma_H1_cum,sigma_O1_cum,sigma_S1_cum,epsilon_C1_cum,epsilon_H1_cum,epsilon_O1_cum,epsilon_S1_cum,DMSO-sim_liq_density-sse,DMSO-sim_surf_tens-sse,Run Time,jac evals,func evals,Optimality,Term Status,Message
1,149,5.139711076282811,2.224717366834876,2.196144323396936,3.2010606693708588,4.408811092968296,71.6718987458042,9.798903504714415,97.89468350347028,116.77065329983508,5.139699896949654,2.224718535278474,2.19614335060448,3.2010669144229014,4.4088189405163725,71.67221941588112,9.798944056003377,97.89460110255294,116.77057759894524,0.0208267743086193,0.9063102830751988,270.37926483154297,234.0,2106.0,2.614734878763656,2.0,ABNORMAL: 
2,205,5.584189825082952,3.2290576975230607,2.721026688509846,2.0,3.95731321844752,71.2576509606933,6.966009683968461,76.36838223554771,117.55955273745649,5.584185100372464,3.2290691322322305,2.7210368383436503,2.0,3.95732677835954,71.25822092268383,6.966055891926282,76.36839496813437,117.55980917486428,0.0090955111188597,0.906472425740062,527.2247323989868,460.0,4140.0,2.843583108761817,2.0,ABNORMAL: 
