Run,Iter,Min Obj,sigma_C1_min,sigma_H1_min,sigma_O1_min,sigma_S1_min,epsilon_C1_min,epsilon_H1_min,epsilon_O1_min,epsilon_S1_min,Min Obj Cum.,sigma_C1_cum,sigma_H1_cum,sigma_O1_cum,sigma_S1_cum,epsilon_C1_cum,epsilon_H1_cum,epsilon_O1_cum,epsilon_S1_cum,DMSO-sim_liq_density-sse,DMSO-sim_surf_tens-sse,Run Time,jac evals,func evals,Optimality,Term Status,Message
1,45,1.5138048353336946,2.227006110676568,2.193901800041801,3.20958006209332,4.368614540088835,73.87542691274494,9.91247124195913,98.74411360545402,117.95824355426971,1.5138048353336946,2.227006110676568,2.193901800041801,3.20958006209332,4.368614540088835,73.87542691274494,9.91247124195913,98.74411360545402,117.95824355426971,0.0732212498389465,0.908361039317819,18.259284496307373,46.0,414.0,0.0038236077804423,0.0,CONVERGENCE: RELATIVE REDUCTION OF F <= FACTR*EPSMCH
2,113,1.9324005531185025,3.2354271666401124,2.7239436116797275,2.1917986176674424,4.5,70.76075042896771,2.0,76.6823516115713,90.0,1.9324005531185025,3.2354271666401124,2.7239436116797275,2.1917986176674424,4.5,70.76075042896771,2.0,76.6823516115713,90.0,0.1088096750914191,0.9083621843450714,45.90885066986084,116.0,1044.0,1.1050603961275425,0.0,CONVERGENCE: RELATIVE REDUCTION OF F <= FACTR*EPSMCH
