sigma_C1,sigma_H1,sigma_O1,sigma_S1,epsilon_C1,epsilon_H1,epsilon_O1,epsilon_S1
2.224371354246911,2.19577973518634,3.2276837671919,4.406430121060635,73.02353760042982,9.270422159378391,98.41309961040028,117.55123860853188
3.231765214410524,2.72177306933128,2.0,3.9612681104949,71.24716133409879,6.725348538725592,77.44750012253475,117.78928551657
