sigma_C1,sigma_H1,sigma_O1,sigma_S1,epsilon_C1,epsilon_H1,epsilon_O1,epsilon_S1
2.227006110676568,2.193901800041801,3.20958006209332,4.368614540088835,73.87542691274494,9.91247124195913,98.74411360545402,117.95824355426971
3.2354271666401124,2.7239436116797275,2.1917986176674424,4.5,70.76075042896771,2.0,76.6823516115713,90.0
