,sigma_C1,sigma_C2,sigma_C3,sigma_H1,sigma_H2,sigma_O1,sigma_O2,epsilon_C1,epsilon_C2,epsilon_C3,epsilon_H1,epsilon_H2,epsilon_O1,epsilon_O2
86,0.28753342732061776,0.7004826351342277,0.5756754882116457,0.5892970052707752,0.5089992196303877,0.778304429396549,0.9282744164753262,0.34669229063867746,0.8787730300622422,0.8407554037651925,0.44070265908680495,0.6300429796809067,0.3580599973396385,0.9164809997911938
115,0.38288123789270007,0.9079254573713929,0.8961033732212556,0.7891215882711827,0.6518018629369007,0.17140580260477575,0.5624182998994434,0.9706340079610402,0.612656820100209,0.547675536257236,0.29357660185087425,0.9204031418345877,0.998418650996352,0.07152364363684947
192,0.5987005107184861,0.8846113683496378,0.7902604342829904,0.5998085944764844,0.6281408014169906,0.12227736205963584,0.8389694036943078,0.9515248317050734,0.6396292768245796,0.31103597380867504,0.3420691673956066,0.04974662380438189,0.0894901280495577,0.8334441098920208
224,0.6808483461607733,0.9737536784773492,0.9655926219442872,0.6813433797354764,0.17152745017290713,0.4206335830786694,0.7257383027796313,0.8724165739085705,0.3342919292873885,0.954469430421705,0.0031583254929621247,0.17407588508506588,0.0504557512914303,0.23976404861708506
255,0.7621719324377578,0.8723416040639719,0.9215575276848674,0.8353031273057648,0.6929662027022301,0.14982889903732977,0.4137073734651302,0.9336502080974091,0.5770652847692497,0.38543236301110045,0.0530089955990258,0.28417523278551143,0.983353140705915,0.1495290781011469
292,0.8416349950379434,0.659254149894162,0.5656393674856679,0.10463354395646218,0.5032282557328074,0.978527088711678,0.36615052317037033,0.7243747995180378,0.0477591245572331,0.5803210310103809,0.7733003888959299,0.07531539185824118,0.0911684938619244,0.40829848704640037
308,0.865318621408223,0.9539028531944803,0.6651590147478297,0.258017249877574,0.8637629085249064,0.5188314789720598,0.5174077558997013,0.19766516980522042,0.5155694977872893,0.3297459894586821,0.9547801208941573,0.2742360761696935,0.686971678129836,0.05109327696654508
