method,mae_Pvap,mae_Hvap,mae_vap_density,mae_liq_density
AT-Dis_MeOH,0.9339551573949813,166.3603118581354,0.9330911647220094,6.181990777733328
