method,mae_liq_density,mae_vap_density,mae_Pvap,mae_Hvap,mae_surf_tens
AT-Dis_EG,21.68172395327793,5.999885852837274,1.7098779550085785,115.03044164446707,2.541371484848485
AT-Dis_DMSO,5.658047635503135,0.013759104652326465,0.0047642897361299995,,0.633463636363637
AT-Dis_DEC,6.232134119984835,,,,0.9029066666666655
AT-Dis_DMF,6.0254290295600414,,,,0.7143966666666661
AT-Dis_Gly,4.35180941685832,,,,1.4448333333333314
AT-Dis_MeOH,27.8480548901626,5.7938495848138505,3.023699654389488,205.85518702570081,1.3467218421052627
