method,mae_liq_density,mae_vap_density,mae_Pvap,mae_Hvap,mae_surf_tens
AT-Dis_DEC,41.99086339194793,2.2889414366217498,0.409980757396475,,5.791426666666665
AT-Dis_Gly,4.067934447965642,,,,1.5772333333333326
AT-Dis_MeOH,29.484752265481468,1.9293876574627855,2.127867545682047,143.68629024515954,1.7145500000000014
AT-Dis_EG,14.80053121431646,0.10220265609900617,0.05365359273763061,83.29942700477002,1.9440333333333357
AT-Dis_DMSO,10.585549554527113,0.03934215540736523,0.013666345115807828,,1.1346600000000033
AT-Dis_DMF,1.5576360488356764,,,,2.0350299999999995
