method,mae_liq_density,mae_vap_density,mae_Pvap,mae_Hvap,mae_surf_tens
AT-Dis_Gly,4.067934447965642,,,,1.5772333333333326
AT-Dis_MeOH,15.119783252909777,0.9330911647220094,0.9339551573949813,166.3603118581354,1.7145500000000014
