method,mae_vap_density,mae_Pvap,mae_liq_density,mae_surf_tens,mae_Hvap
AT-Dis_MeOH,0.9330911647220094,0.9339551573949813,15.119783252909777,1.6253642857142871,166.3603118581354
