method,mapd_liq_density,mapd_vap_density,mapd_Pvap,mapd_Hvap,mapd_surf_tens
AT-Dis_EG,2.80214120700097,75.01743701873977,64.51907814672781,14.711926224814537,19.436500061833016
AT-Dis_DMSO,0.5292257433329478,100.27786891949397,99.60906811156447,,1.5640763578867831
AT-Dis_DEC,0.6660682828479801,,,,3.934801835148691
AT-Dis_DMF,0.6471854346332364,,,,2.163597612402637
AT-Dis_Gly,0.34917978230736624,,,,2.333260838314121
AT-Dis_MeOH,5.29769889601969,1341.4395056619549,71.76385952638586,17.52105485819967,35.431395948371055
