method,mapd_liq_density,mapd_vap_density,mapd_Pvap,mapd_Hvap,mapd_surf_tens
AT-Dis_MeOH,1.9375295393824765,66.3594753345712,68.24044230921534,14.269077808500269,7.226873770342612
