method,mapd_vap_density,mapd_liq_density,mapd_Hvap,mapd_surf_tens,mapd_Pvap
AT-Dis_MeOH,66.3594753345712,1.9375295393824765,14.269077808500269,7.226873770342612,68.24044230921534
