method,mapd_liq_density,mapd_vap_density,mapd_Pvap,mapd_Hvap,mapd_surf_tens
AT-Dis_DEC,4.437672887921462,1445.8724815299206,264.82846068839507,,24.08385990907346
AT-Dis_Gly,0.3262517633722644,,,,2.55416840515767
AT-Dis_MeOH,5.2771098067310875,59.03545096557299,62.17341508383535,12.574443274474904,7.36791326467487
AT-Dis_EG,1.6064443541952196,79.29155850684178,77.85483436900326,8.68825739545271,4.916065370981883
AT-Dis_DMSO,0.988461252763134,259.3291849954418,257.93262004179047,,2.8162636251702224
AT-Dis_DMF,0.16796455589822018,,,,6.118188925561998
