method,mapd_Pvap,mapd_vap_density,mapd_liq_density,mapd_Hvap
AT-Dis_MeOH,68.24044230921534,66.3594753345712,0.7539851460063024,14.269077808500269
