param_rank,sensitivity_score
sigma_H1,317.1112058118596
sigma_C1,277.84651595195214
sigma_H2,253.50356079184328
sigma_C2,231.33017634736044
sigma_O2,221.8543599881269
epsilon_C1,218.9062729905453
epsilon_C2,201.62724404446803
temperature,186.03914270627115
sigma_O1,168.27041920016418
sigma_C3,123.32502886039454
epsilon_O1,117.18351126602758
epsilon_C3,85.42792098029248
epsilon_H1,63.79483738050705
epsilon_O2,43.57036330265917
epsilon_H2,18.89223046061481
