param_rank,sensitivity_score
sigma_C1,144.06232504579165
sigma_O1,106.3017882651881
sigma_N1,85.93583389486966
epsilon_C1,75.55584411523728
sigma_H1,65.34984386742809
sigma_C2,57.846545919911726
epsilon_C2,38.69531034967991
epsilon_O1,33.02115777864893
sigma_H2,32.04087818428172
epsilon_H1,31.349258553960738
epsilon_H2,25.013564189510653
epsilon_N1,9.976422122662925
