param_rank,sensitivity_score
sigma_H1,700.2258930917341
epsilon_C1,493.8064349793074
sigma_N1,318.45011721144
sigma_O1,311.0405141028634
epsilon_N1,180.4398480731092
epsilon_C2,150.68457306583292
epsilon_O1,118.49151950170771
epsilon_H1,115.89772324442764
temperature,113.06896614654896
sigma_C1,56.21891141085944
sigma_H2,49.07824809750977
sigma_C2,6.505752673274749
epsilon_H2,5.370349140505829
