param_rank,sensitivity_score
sigma_H1,1522.7399726144588
sigma_C1,1364.4224296203142
sigma_O1,1337.2073210302422
epsilon_C1,941.7954066084649
sigma_N1,718.2220301090153
sigma_C2,669.0761450363731
sigma_H2,575.4080103690944
epsilon_C2,490.3369071893569
epsilon_N1,348.8106537956854
epsilon_H1,242.40934858288685
epsilon_O1,234.4496256615243
temperature,179.95870431704122
epsilon_H2,40.416614441852204
