sigma_C1,sigma_H1,sigma_O1,sigma_S1,epsilon_C1,epsilon_H1,epsilon_O1,epsilon_S1,temperature
-0.6451587284449719,0.6058563010117437,-1.4384659021108757e-08,-0.360336529336615,-0.2129373699644942,-0.09789618032981635,-0.06383369043347036,-0.15720023626244828,0.05615428118485872
0.18828038263995242,0.7106048140007251,3.011751509533413e-08,0.4269808058649558,0.38043930594933445,0.174903801807674,0.11404676238736783,0.28085793499467004,-0.10032665745632961
-0.737018640952874,-0.35389377836700037,3.891536251927326e-08,0.3515440706959863,0.32948628236572125,0.15147855647235595,0.09877237464436536,0.24324208800663918,-0.08688972419540204
0.07158376570282124,-0.052327186781666424,2.9467408035981304e-08,-0.7511735774153986,0.4725916436807084,0.2172700804638363,0.14167188392226693,0.3488890659496122,-0.12462838372296682
5.114370399726724e-08,8.842471325192172e-08,0.024407434824383675,-6.052977823160377e-08,-0.22485152339234338,-0.20135410488263614,0.9518213447789424,0.029883964617454618,-0.03802197104679264
-5.134562178388521e-09,4.2405893199504296e-09,0.7113840816486668,-3.246288763364161e-09,0.06923793867359863,0.4994625212029256,0.11634886527627396,-0.4721928934233007,-0.056327605027959624
-1.1535740880454132e-08,3.3215286022726748e-09,-0.6162977572064399,2.5229812715965893e-09,-0.11875290218874067,0.48828113279979857,0.08258606128901977,-0.3509108532178979,-0.4875422787927861
-1.8142646097275213e-09,-1.8534177331511146e-09,-0.05338495496950412,1.1302431474799687e-08,-0.4749357663070269,0.598731264806676,0.02127844745188486,0.4317430516540965,0.47565964936150035
-2.0498539090493386e-08,1.802326701258935e-09,-0.3326621206981485,1.095172286088171e-08,0.42778640160465325,0.052622042050997776,0.16222678753697037,-0.42675161728352823,0.7036555658107618
