param_rank,sensitivity_score
sigma_H1,212.1855012750262
sigma_C1,188.79046188176642
sigma_S1,147.47416231436813
epsilon_C1,104.72406800620145
epsilon_S1,77.31216311975055
epsilon_H1,48.146019363970105
epsilon_O1,31.39384497435312
temperature,27.617063757282306
sigma_O1,1.0303188458026326e-05
