{"mol_name": "EG", "atom_type": 0, "obj_choice": "ExpVal", "train_mol_str": "EG", "param_set": 1, "smiles": "C(CO)O", "T": 393.15, "P": 0.056304, "rho_liq": 1051.34, "rho_thresh": 512.272395, "mol_wt": 62.07, "aspect_ratio": 3.0, "nsteps_nvt_eq": 100000, "nsteps_npzzat_eq": 500000, "nsteps_npzzat_prod": 2500000, "nsteps_intereq": 40000000, "nsteps_interprod": 40000000, "max_sigma": 0.39999999999999997, "sigma_C1": 0.376876935848168, "sigma_H1": 0.18006265046689882, "sigma_H2": 0.0, "sigma_O1": 0.3150794054999308, "epsilon_C1": 0.26262595062421645, "epsilon_H1": 0.05536617456279423, "epsilon_H2": 0.0, "epsilon_O1": 0.808958563635371, "nmols": 4504, "restart": 3}