param_rank,sensitivity_score
epsilon_C2,110.42310261907214
epsilon_O2,96.33408721129308
epsilon_O1,61.55497083884791
epsilon_C1,48.22368082167008
epsilon_H2,18.71427216250832
epsilon_H1,9.94144337496856
sigma_C1,2.974382732392332e-13
sigma_C2,3.7179784154904236e-14
sigma_H2,1.198388125649192e-28
sigma_H1,1.656069210971164e-29
sigma_H3,1.650968730688151e-42
sigma_H4,1.1227767429950125e-44
sigma_O1,7.332419546089878e-45
sigma_O2,6.652871402798111e-249
epsilon_H4,0.0
epsilon_H3,0.0
