,sigma_C1,sigma_H1,sigma_O1,sigma_S1,epsilon_C1,epsilon_H1,epsilon_O1,epsilon_S1,mse_liq_density,mapd_liq_density,mae_liq_density,mpd_liq_density,mse_surf_tens,mapd_surf_tens,mae_surf_tens,mpd_surf_tens,mse_vap_density,mapd_vap_density,mae_vap_density,mpd_vap_density,mse_Pvap,mapd_Pvap,mae_Pvap,mpd_Pvap,mse_Hvap,mapd_Hvap,mae_Hvap,mpd_Hvap,mse_diff_coeff,mapd_diff_coeff,mae_diff_coeff,mpd_diff_coeff,mse_Tc,mapd_Tc,mae_Tc,mpd_Tc,mse_rhoc,mapd_rhoc,mae_rhoc,mpd_rhoc,molecule
0,0.32361717864417,0.27266351759488,0.20195228639782,0.39601564486986,0.58826241192942,0.05820651496641,0.6364717008407,0.97486585346916,32.710600172833345,0.5292257433329478,5.658047635503135,-0.5292257433329478,0.520327082666666,1.4780434427573412,0.5950399999999997,-0.09189765508262154,0.0001778274510694329,100.60946328701394,0.01251557637763429,100.60946328701392,2.147407235549674e-05,100.1789873453724,0.0043173458257466015,100.17898734537239,,,,,,,,,4370.176352022407,9.539294281255968,66.10730936910386,-9.539294281255968,13.445974002556133,1.0018784800111422,3.666875236840781,-1.0018784800111422,DMSO
