,t_exp,est_Hvap,H_method,expt_Hvap,apd_Hvap,mapd_Hvap,sigma_C1,sigma_H1,sigma_O1,sigma_S1,epsilon_C1,epsilon_H1,epsilon_O1,epsilon_S1
0,308,,skipped,669.397,,17.86550889173182,0.32361717864417,0.27266351759488,0.20195228639782,0.39601564486986,0.58826241192942,0.05820651496641,0.6364717008407,0.97486585346916
1,318,819.5889056422753,estimated,666.837,22.906933124927882,17.86550889173182,0.32361717864417,0.27266351759488,0.20195228639782,0.39601564486986,0.58826241192942,0.05820651496641,0.6364717008407,0.97486585346916
2,320,576.8587234792303,estimated,661.718,12.824084658535758,17.86550889173182,0.32361717864417,0.27266351759488,0.20195228639782,0.39601564486986,0.58826241192942,0.05820651496641,0.6364717008407,0.97486585346916
3,340,,skipped,647.639,,17.86550889173182,0.32361717864417,0.27266351759488,0.20195228639782,0.39601564486986,0.58826241192942,0.05820651496641,0.6364717008407,0.97486585346916
4,368,,skipped,615.641,,17.86550889173182,0.32361717864417,0.27266351759488,0.20195228639782,0.39601564486986,0.58826241192942,0.05820651496641,0.6364717008407,0.97486585346916
