,sigma_C1,sigma_H1,sigma_H2,sigma_O1,epsilon_C1,epsilon_H1,epsilon_H2,epsilon_O1
127,0.9434625683510299,0.10847311899630027,0.0,0.42832418452553966,0.8638556569262927,0.1453011644108768,0.0,0.4151709937338963
