,t_exp,est_Hvap,H_method,expt_Hvap,sigma_C1,sigma_C2,sigma_H1,sigma_H2,sigma_H3,sigma_H4,sigma_O1,sigma_O2,epsilon_C1,epsilon_C2,epsilon_H1,epsilon_H2,epsilon_H3,epsilon_H4,epsilon_O1,epsilon_O2
0,298.15,,skipped,982.734,0.20544961383551,0.37743008797665,0.18925880538314,0.15445530978843,0.0,0.0,0.32967529649364,0.33116348217792,0.2592964956603,0.38368792296712,0.0647422288729,0.04552507155887,0.0,0.0,0.88347326114421,0.82436887533042
