Rank,\rho_l - LD Data,q_j (rho_l),\gamma - ST Data,q_j (gamma)
1,sigma_H1,1253.6571905602439,sigma_H1,173.7777631409258
2,sigma_O1,868.955832020122,sigma_S1,129.0733798996605
3,sigma_C1,700.7105038636556,sigma_C1,77.25415677919075
4,epsilon_C1,400.54597001924736,epsilon_C1,72.55833820398064
5,sigma_S1,306.44838635838613,epsilon_S1,53.565932961252834
6,epsilon_O1,111.7359587193979,epsilon_H1,33.35808962319305
7,epsilon_S1,94.38153646935442,epsilon_O1,21.751308883473556
8,epsilon_H1,2.337659762199521,sigma_O1,6.456764420174683e-06
