Rank,\rho_l - LD Data,q_j (rho_l),\gamma - IFT Data,q_j (gamma)
1,sigma_H1,2027.9318336612216,sigma_H1,212.1855012750262
2,sigma_O1,1496.2877426454704,sigma_C1,188.79046188176642
3,sigma_C1,1277.5615215166172,sigma_S1,147.47416231436813
4,sigma_S1,845.389943040493,epsilon_C1,104.72406800620145
5,epsilon_C1,702.3226167890073,epsilon_S1,77.31216311975055
6,epsilon_S1,231.67449101502908,epsilon_H1,48.146019363970105
7,epsilon_H1,206.47283217670164,epsilon_O1,31.39384497435312
8,epsilon_O1,193.87316935103064,temperature,27.617063757282306
9,temperature,148.48831959824892,sigma_O1,1.0303188458026326e-05
