sigma_C1,sigma_H1,sigma_H2,sigma_O1,epsilon_C1,epsilon_H1,epsilon_H2,epsilon_O1,temperature
0.1621660347758275,0.12052290162602353,0.0,0.7872830397389288,0.28073048004744666,0.12701842885067643,0.0,0.10193577419442583,-0.4837640302173989
-0.28472990621418154,-0.13891103144321074,0.0,0.6144094094091648,-0.33454792293918545,-0.1513684460829967,0.0,-0.1214773658801292,0.6103623627374554
0.8825970544279216,-0.39505089195189164,0.0,0.04782055809834532,-0.03683912341799817,-0.01666805654816876,0.0,-0.013376613321021616,0.2466911988683311
0.12893100699726096,0.5769741154741134,0.0,-0.006445781010097537,0.49904089081011377,0.2257942823996452,0.0,0.18120632890593483,0.5635383883234744
-0.3114968581256859,-0.6908064984986074,0.0,-0.018924563383223115,0.5541260171433668,0.25071793503283746,0.0,0.20120819461524383,0.12246667509183155
-5.5639301382100466e-08,7.879587125678139e-09,0.0,-3.44993230576355e-08,-0.47971503440155167,0.8285784131835275,0.0,0.2886716109619687,5.218686354924343e-08
2.462437342470561e-08,-2.180632104401222e-08,0.0,1.2251159797109205e-08,-0.1472650535890861,-0.4003640349087291,0.0,0.9044454895365437,-7.78642656170052e-08
0.0,0.0,0.0,0.0,0.0,0.0,1.0,0.0,0.0
0.0,0.0,1.0,0.0,0.0,0.0,0.0,0.0,0.0
