param_rank,sensitivity_score
temperature,16.251016625179673
epsilon_C1,8.813077573212379
epsilon_H1,3.9875372177042148
epsilon_O1,3.2001079876715823
sigma_C1,6.735478902184328e-47
sigma_O1,2.0686848336765365e-48
sigma_H1,1.3509445289513822e-49
epsilon_H2,0.0
sigma_H2,0.0
