param_rank,sensitivity_score
sigma_O1,28.37561456019195
temperature,21.06793268921927
epsilon_C1,12.327244331992862
sigma_C1,11.206042658711073
sigma_H1,7.836816160905353
epsilon_H1,5.577545167845204
epsilon_O1,4.476133966329969
epsilon_H2,0.0
sigma_H2,0.0
