,sigma_C1,sigma_H1,sigma_H2,sigma_O1,epsilon_C1,epsilon_H1,epsilon_H2,epsilon_O1,mse_liq_density,mapd_liq_density,mae_liq_density,mpd_liq_density,mse_surf_tens,mapd_surf_tens,mae_surf_tens,mpd_surf_tens,mse_vap_density,mapd_vap_density,mae_vap_density,mpd_vap_density,mse_Pvap,mapd_Pvap,mae_Pvap,mpd_Pvap,mse_Hvap,mapd_Hvap,mae_Hvap,mpd_Hvap,mse_diff_coeff,mapd_diff_coeff,mae_diff_coeff,mpd_diff_coeff,mse_Tc,mapd_Tc,mae_Tc,mpd_Tc,mse_rhoc,mapd_rhoc,mae_rhoc,mpd_rhoc,molecule
0,0.38720621718742876,0.19893752056411004,0.0,0.2899561975810329,0.43658490654001003,0.04560470897530189,0.0,0.941306374245722,1722.564752213143,5.2771098067310875,29.484752265481468,5.277109806731086,5.4000259518333396,7.36791326467487,1.7145500000000014,7.36791326467487,10.551655146250447,59.03545096557299,1.9293876574627855,-59.035450965573006,13.34558871869861,62.17341508383535,2.127867545682047,-62.173415083835344,25967.026853076848,12.574443274474904,143.68629024515954,12.476986394052467,,,,,,,,,,,,,MeOH
