,sigma_C1,sigma_H1,sigma_H2,sigma_O1,epsilon_C1,epsilon_H1,epsilon_H2,epsilon_O1,mse_liq_density,mapd_liq_density,mae_liq_density,mpd_liq_density,mse_surf_tens,mapd_surf_tens,mae_surf_tens,mpd_surf_tens,mse_vap_density,mapd_vap_density,mae_vap_density,mpd_vap_density,mse_Pvap,mapd_Pvap,mae_Pvap,mpd_Pvap,mse_Hvap,mapd_Hvap,mae_Hvap,mpd_Hvap,mse_diff_coeff,mapd_diff_coeff,mae_diff_coeff,mpd_diff_coeff,mse_Tc,mapd_Tc,mae_Tc,mpd_Tc,mse_rhoc,mapd_rhoc,mae_rhoc,mpd_rhoc,molecule
0,0.38720621718742876,0.19893752056411004,0.0,0.2899561975810329,0.43658490654001003,0.04560470897530189,0.0,0.941306374245722,233.3836654172237,1.9375295393824765,15.119783252909777,1.9375295393824763,5.1585808110714355,7.226873770342612,1.6253642857142871,7.226873770342612,2.612405297820473,66.3594753345712,0.9330911647220094,-66.35947533457119,2.8263323754398897,68.24044230921534,0.9339551573949813,-68.24044230921534,30900.19440778932,14.269077808500269,166.3603118581354,14.26907780850027,,,,,1549.7504208362013,7.681340406615651,39.36686958390521,7.681340406615651,0.21242327628402152,0.16830408214746667,0.4608939967975516,0.16830408214746667,MeOH
