molecule,mapd_liq_density,mapd_surf_tens,Type
DEC,0.16485519877716606,0.8855083291109759,Optimized
DEC,0.667522680912698,3.1764742110821427,Wang et. al.
DEC,0.4021785496208431,1.0796092395086605,GAFF
