,temperature,est_Hvap,expt_Hvap,sigma_C1,sigma_C2,sigma_H1,sigma_H2,sigma_O1,sigma_N1,epsilon_C1,epsilon_C2,epsilon_H1,epsilon_H2,epsilon_O1,epsilon_N1
0,298.15,,641.538,0.3385013818528,0.37475866077274,0.17720978690771,0.2693790562946,0.363740047133,0.23411542211451,0.46955252053128,0.4829348712804,0.0656506931125,0.02812033200702,0.6236200569955,0.65177636621991
