,sigma_C1,sigma_C2,sigma_H1,sigma_H2,sigma_O1,sigma_N1,epsilon_C1,epsilon_C2,epsilon_H1,epsilon_H2,epsilon_O1,epsilon_N1,temperature,vap_density,vap_density_unc,Hvap,Hvap_unc,Pvap,Pvap_unc,liq_enthalpy,liq_enthalpy_unc,vap_enthalpy,vap_enthalpy_unc,restart,molecule,liq_density,liq_density_unc,surf_tens,surf_tens_unc,diff_coeff,diff_coeff_unc
0,0.3385013818528,0.37475866077274,0.17720978690771,0.2693790562946,0.363740047133,0.23411542211451,0.46955252053128,0.4829348712804,0.0656506931125,0.02812033200702,0.6236200569955,0.65177636621991,308.15,,,,,,,,,,,1,DMF,942.6807532114108,0.2083743741095387,36.42865,0.23979157616563596,1.8473e-09,3.42e-11
1,0.3385013818528,0.37475866077274,0.17720978690771,0.2693790562946,0.363740047133,0.23411542211451,0.46955252053128,0.4829348712804,0.0656506931125,0.02812033200702,0.6236200569955,0.65177636621991,308.15,,,,,,,,,,,2,DMF,942.7594528838855,0.14794527696786655,34.64940000000001,0.2449489742783178,1.8864e-09,1.069e-10
2,0.3385013818528,0.37475866077274,0.17720978690771,0.2693790562946,0.363740047133,0.23411542211451,0.46955252053128,0.4829348712804,0.0656506931125,0.02812033200702,0.6236200569955,0.65177636621991,308.15,,,,,,,,,,,3,DMF,942.4594025426939,0.07016156971423507,35.5436,0.21794494717703372,1.7681000000000001e-09,2.3590000000000003e-10
3,0.3385013818528,0.37475866077274,0.17720978690771,0.2693790562946,0.363740047133,0.23411542211451,0.46955252053128,0.4829348712804,0.0656506931125,0.02812033200702,0.6236200569955,0.65177636621991,328.15,,,,,,,,,,,1,DMF,921.6797183714405,0.5179176295731982,33.9269,0.2738612787525831,2.2986000000000003e-09,8.1e-12
4,0.3385013818528,0.37475866077274,0.17720978690771,0.2693790562946,0.363740047133,0.23411542211451,0.46955252053128,0.4829348712804,0.0656506931125,0.02812033200702,0.6236200569955,0.65177636621991,328.15,,,,,,,,,,,2,DMF,921.5331122677882,0.13930243989643074,33.21405,0.2345207879911715,2.4203000000000004e-09,3.22e-11
5,0.3385013818528,0.37475866077274,0.17720978690771,0.2693790562946,0.363740047133,0.23411542211451,0.46955252053128,0.4829348712804,0.0656506931125,0.02812033200702,0.6236200569955,0.65177636621991,328.15,,,,,,,,,,,3,DMF,921.9524684999047,0.3230617792300181,33.35825,0.2598076211353316,2.2344e-09,1.181e-10
