,sigma_C1,sigma_H1,sigma_H2,sigma_O1,epsilon_C1,epsilon_H1,epsilon_H2,epsilon_O1
0,0.3339669760753342,0.23812249766401017,0.0,0.3068236956286319,0.15648104942800545,0.06735238389575258,0.0,0.8214608833597928
1,0.383182234571219,0.2137394842634534,0.0,0.3238056603842437,0.6223116774324928,0.08248773464554228,0.0,1.0399971647731
2,0.38698572881031534,0.16002865353910026,0.0,0.31048699641717775,0.19737783949403748,0.03351512348931504,0.0,1.0342447755456285
