,sigma_C1,sigma_C2,sigma_C3,sigma_H1,sigma_H2,sigma_O1,sigma_O2,epsilon_C1,epsilon_C2,epsilon_C3,epsilon_H1,epsilon_H2,epsilon_O1,epsilon_O2
0,0.27657624757854,0.38158509147427855,0.3792206746442511,0.2683682382406774,0.2477702794405351,0.23428116052095513,0.31248365997988864,0.6077141030257673,0.41424889749034693,0.3791304098857019,0.03615637663471484,0.07785018094328201,0.8306573305772214,0.6592654985744273
1,0.3730637242816446,0.39078057063889604,0.3330318029495659,0.1887025874816361,0.27956443627873595,0.30376629579441194,0.30348155117994025,0.18997079362688002,0.3617790211879084,0.261352557013093,0.0801367896718573,0.03486992808549272,0.6752864866010369,0.6490734479563319
