{"mol_name": "MeOH", "obj_choice": "ExpVal", "mol_weight": 32.04, "smiles": "CO", "N_atoms": 6, "N_vap": 160, "N_liq": 640, "nsteps_nvt": 2500, "nsteps_npt": 5000, "nsteps_gemc_eq": 50000, "nsteps_gemc_prod": 100000, "atom_type": 0, "param_set": 17, "train_mol_str": "MeOH", "T": 500.0, "P": 65.25, "expt_liq_density": 451.53, "restart": 3, "sigma_C1": 0.3886925136702059, "sigma_H1": 0.166270967849445, "sigma_H2": 0.0, "sigma_O1": 0.2856648369051079, "epsilon_C1": 0.5500068067784385, "epsilon_H1": 0.0262937325409419, "epsilon_H2": 0.0, "epsilon_O1": 0.8307000716041073, "max_sigma": 0.39999999999999997}