molecule,mapd_liq_density,mapd_surf_tens,Type
EG,1.6768620714622953,6.438166173516666,Optimized Set (GP)
EG,1.7579469012732842,16.88829266426741,Best IFT Set (GP)
EG,7.751620936269549,31.269067744952533,GAFF
