molecule,mapd_liq_density,mapd_surf_tens,Type
EG,1.8177843546868582,6.504023928534343,Optimized Set (GP)
EG,1.7579469012732842,16.88829266426741,Best IFT Set (GP)
EG,7.751620936269549,31.269067744952533,GAFF
