molecule,mapd_liq_density,mapd_surf_tens,Type
EG,0.42276123790126724,0.5049908912850983,Opt_All
EG,0.18433165368912416,0.47236641771418053,Opt_One
EG,0.45274520470554036,0.591818180222349,Literature
EG,0.144094888235239,14.056033627753642,GAFF
