{"mol_name": "DMF", "obj_choice": "ExpVal", "mol_weight": 73.09, "smiles": "CN(C)C=O", "N_atoms": 12, "N_vap": 160, "N_liq": 640, "nsteps_nvt": 2500, "nsteps_npt": 5000, "nsteps_gemc_eq": 50000, "nsteps_gemc_prod": 100000, "atom_type": 0, "param_set": 1, "train_mol_str": "DMF", "T": 308.15, "P": 0.009980000000000001, "expt_liq_density": 941.56, "restart": 1, "sigma_C1": 0.33850138185279516, "sigma_C2": 0.3747586607727358, "sigma_H2": 0.269379056294601, "sigma_H1": 0.17720978690770778, "sigma_O1": 0.3637400471330014, "sigma_N1": 0.23411542211450723, "epsilon_C1": 0.46955252053127655, "epsilon_C2": 0.4829348712804006, "epsilon_H2": 0.02812033200701684, "epsilon_H1": 0.06565069311250353, "epsilon_O1": 0.6236200569954976, "epsilon_N1": 0.6517763662199137, "max_sigma": 0.39999999999999997}