{"mol_name": "DEC", "iter": 1, "smiles": "CCOC(=O)OCC", "T": 313.19, "P": 0.035244, "rho_liq": 949.94, "rho_thresh": 453.23199999999997, "mol_wt": 118.13, "aspect_ratio": 3.0, "nsteps_nvt_eq": 100000, "nsteps_npzzat_eq": 500000, "nsteps_npzzat_prod": 2500000, "nsteps_intereq": 40000000, "nsteps_interprod": 40000000, "max_sigma": 0.39999999999999997, "sigma_C1": 0.3551913859767767, "sigma_C2": 0.3920857865772558, "sigma_C3": 0.24901509245391082, "sigma_H1": 0.16494730322615225, "sigma_H2": 0.28287775888728584, "sigma_O1": 0.36398922312843207, "sigma_O2": 0.30941741908890286, "epsilon_C1": 0.1269727851165992, "epsilon_C2": 0.5841671840782187, "epsilon_C3": 0.14494516431492063, "epsilon_H1": 0.06402422727886904, "epsilon_H2": 0.05317973730124052, "epsilon_O1": 0.5703187575747909, "epsilon_O2": 0.7539149770350637, "nmols": 2138}