molecule,mapd_liq_density,mapd_surf_tens,Type
EG,1.300104238284087,1.7478590625788621,Opt_All
EG,0.4461033678485274,0.5063486810092884,Opt_One
EG,0.45413740798069613,0.663309150684537,Literature
EG,0.27280386891750585,19.69040602864664,GAFF
