param_rank,sensitivity_score
sigma_C1,144.06057928938023
sigma_O1,106.30050009219154
sigma_N1,85.93666179369013
epsilon_C1,75.55661676586567
sigma_H1,65.34905195275005
sigma_C2,57.84584493118709
epsilon_C2,38.69484143690992
epsilon_O1,33.02075762800991
sigma_H2,32.040489910087054
epsilon_H1,31.348878661458187
epsilon_H2,25.013261073940875
temperature,11.092264788787196
epsilon_N1,9.976461345621823
