param_rank,sensitivity_score
sigma_C1,158.39195610451014
sigma_N1,135.59189560557974
epsilon_C1,120.75318080639074
sigma_O1,116.87544376511
epsilon_N1,90.73550921754094
sigma_H1,71.85008014492797
sigma_C2,63.60044207007984
epsilon_C2,42.544266119997
epsilon_O1,36.30571559611582
sigma_H2,35.22792911099214
epsilon_H1,34.467515259816544
epsilon_H2,27.501620310526437
temperature,12.208860955017325
