param_rank,sensitivity_score
sigma_O1,1864.0640557028016
sigma_H1,680.8934853020111
sigma_O2,626.5489778820337
sigma_C1,423.74728011309645
epsilon_C2,104.0049471632396
epsilon_C1,79.98393531247481
sigma_C2,78.19225347864523
sigma_H2,76.3731817499558
epsilon_H1,33.92024220848768
epsilon_H2,16.29645953085918
epsilon_O2,8.439093769353459
epsilon_O1,0.5501217207302457
sigma_H3,4.097054087834801e-22
sigma_H4,2.1741236514963235e-23
epsilon_H4,0.0
epsilon_H3,0.0
