molecule,mapd_liq_density,mapd_surf_tens,Type
Gly,0.3892395622412516,1.3315378979354322,Opt_All
Gly,0.3892395622412516,1.3315378979354322,Opt_One
Gly,0.3892395622412552,1.3315378979354437,Literature
Gly,0.5069037052431999,232.12122783234827,GAFF
