,sigma_C1,sigma_H1,sigma_O1,sigma_S1,epsilon_C1,epsilon_H1,epsilon_O1,epsilon_S1
0,0.2691370045711241,0.20486872342282503,0.34664166221233184,0.3709009561340806,0.09198766842931652,0.054829915737213825,1.0292035379847453,0.975297045648469
1,0.2928386021194332,0.2608399767834364,0.2789136092295138,0.4025280386378195,0.5030869663563926,0.030823932283240395,1.0348795280835628,1.0929918654967812
2,0.3551371907650812,0.15765215481536538,0.3578708620585257,0.4272331408432618,0.47798303258029445,0.04117412030397111,1.058663068206207,0.89636865300415
3,0.3971927453723572,0.19984361582318785,0.2936209323696106,0.3596497245428752,0.609886094752673,0.0774048560013052,0.6893774895406037,0.9625712940569863
