,t_exp,est_Hvap,H_method,expt_Hvap,sigma_C1,sigma_C2,sigma_C3,sigma_H1,sigma_H2,sigma_O1,sigma_O2,epsilon_C1,epsilon_C2,epsilon_C3,epsilon_H1,epsilon_H2,epsilon_O1,epsilon_O2
0,294.15,,skipped,527.022,0.27657624757854,0.38158509147428,0.37922067464425,0.26836823824068,0.24777027944054,0.23428116052096,0.31248365997989,0.60771410302577,0.41424889749035,0.3791304098857,0.03615637663471,0.07785018094328,0.83065733057722,0.65926549857443
1,298.15,,skipped,522.195,0.27657624757854,0.38158509147428,0.37922067464425,0.26836823824068,0.24777027944054,0.23428116052096,0.31248365997989,0.60771410302577,0.41424889749035,0.3791304098857,0.03615637663471,0.07785018094328,0.83065733057722,0.65926549857443
2,330.95,,skipped,494.054,0.27657624757854,0.38158509147428,0.37922067464425,0.26836823824068,0.24777027944054,0.23428116052096,0.31248365997989,0.60771410302577,0.41424889749035,0.3791304098857,0.03615637663471,0.07785018094328,0.83065733057722,0.65926549857443
3,338.35,,skipped,481.809,0.27657624757854,0.38158509147428,0.37922067464425,0.26836823824068,0.24777027944054,0.23428116052096,0.31248365997989,0.60771410302577,0.41424889749035,0.3791304098857,0.03615637663471,0.07785018094328,0.83065733057722,0.65926549857443
4,384.1,,skipped,451.584,0.27657624757854,0.38158509147428,0.37922067464425,0.26836823824068,0.24777027944054,0.23428116052096,0.31248365997989,0.60771410302577,0.41424889749035,0.3791304098857,0.03615637663471,0.07785018094328,0.83065733057722,0.65926549857443
