,sigma_C1,sigma_C2,sigma_H1,sigma_H2,sigma_H3,sigma_H4,sigma_O1,sigma_O2,epsilon_C1,epsilon_C2,epsilon_H1,epsilon_H2,epsilon_H3,epsilon_H4,epsilon_O1,epsilon_O2
0,0.2479432918647047,0.2842671738599472,0.18313692754822633,0.1796661048200638,0.0,0.0,0.3317538363403688,0.35535664267107775,0.49015914183477893,0.24355488990556534,0.027185585730111934,0.021459115617230812,0.0,0.0,0.7951872579384075,0.6810491071967166
1,0.27158835385009306,0.3470772404238315,0.1739484634859086,0.2884275023535741,0.0,0.0,0.33674900075333525,0.3231939608527379,0.3272168788031883,0.386555534082517,0.06896692625943174,0.07251156820641254,0.0,0.0,0.6754596418149248,1.1198315779319212
