,sigma_C1,sigma_C2,sigma_H1,sigma_H2,sigma_H3,sigma_H4,sigma_O1,sigma_O2,epsilon_C1,epsilon_C2,epsilon_H1,epsilon_H2,epsilon_H3,epsilon_H4,epsilon_O1,epsilon_O2
22,0.23971645932352365,0.42133586929973615,0.22091285032150892,0.19777403213375863,0.0,0.0,0.6587691817018442,0.7767832133553889,0.7531168874546624,0.2968141823980605,0.15870932559961182,0.0726173148871268,0.0,0.0,0.34398416079212385,0.11518974462398761
29,0.3579417692504654,0.7353862021191575,0.15965642323939064,0.9228500156904942,0.0,0.0,0.6837450037666764,0.6159698042636895,0.451617644000007,0.5614145704785944,0.7868518890857992,0.8401421964576923,0.0,0.0,0.10398544123893237,0.9947464797236388
