,sigma_C1,sigma_H1,sigma_H2,sigma_O1,epsilon_C1,epsilon_H1,epsilon_H2,epsilon_O1,mse_liq_density,mapd_liq_density,mae_liq_density,mpd_liq_density,mse_surf_tens,mapd_surf_tens,mae_surf_tens,mpd_surf_tens,mse_vap_density,mapd_vap_density,mae_vap_density,mpd_vap_density,mse_Pvap,mapd_Pvap,mae_Pvap,mpd_Pvap,mse_Hvap,mapd_Hvap,mae_Hvap,mpd_Hvap,mse_diff_coeff,mapd_diff_coeff,mae_diff_coeff,mpd_diff_coeff,mse_Tc,mapd_Tc,mae_Tc,mpd_Tc,mse_rhoc,mapd_rhoc,mae_rhoc,mpd_rhoc,molecule
0,0.37687693584817,0.1800626504669,0.0,0.31507940549993,0.26262595062422,0.05536617456279,0.0,0.80895856363537,189.80103077423172,1.4365544087795408,12.533430507383896,-0.027667329686397416,15.938446316443198,17.127572478365266,3.6521419696969715,-3.792416977648457,24.59232146274929,25.625609590630603,2.922025546961781,25.625609590630603,0.5422614967573911,18.79542214779199,0.5367323088857199,18.418813851082632,10681.035503385498,13.072700262134834,99.38240493243845,-13.072700262134834,,,,,,,,,,,,,EG
