,sigma_C1,sigma_H1,sigma_H2,sigma_O1,epsilon_C1,epsilon_H1,epsilon_H2,epsilon_O1,mse_liq_density,mapd_liq_density,mae_liq_density,mpd_liq_density,mse_surf_tens,mapd_surf_tens,mae_surf_tens,mpd_surf_tens,mse_vap_density,mapd_vap_density,mae_vap_density,mpd_vap_density,mse_Pvap,mapd_Pvap,mae_Pvap,mpd_Pvap,mse_Hvap,mapd_Hvap,mae_Hvap,mpd_Hvap,mse_diff_coeff,mapd_diff_coeff,mae_diff_coeff,mpd_diff_coeff,mse_Tc,mapd_Tc,mae_Tc,mpd_Tc,mse_rhoc,mapd_rhoc,mae_rhoc,mpd_rhoc,molecule
0,0.37687693584817,0.1800626504669,0.0,0.31507940549993,0.26262595062422,0.05536617456279,0.0,0.80895856363537,189.8602016102443,1.7558424570063003,13.735523702953666,1.7558424570063005,19.03882853627085,34.011417223677796,4.011730833333335,-20.164433499926194,81.22698228216498,35.350669899922295,6.879042108761579,35.350669899922295,0.44301657070829104,25.056032387819915,0.5205640060362018,23.474277541640625,14235.005868364295,17.388830499816972,112.52985774430348,-17.38883049981697,,,,,,,,,,,,,EG
