,sigma_C1,sigma_H1,sigma_H2,sigma_O1,epsilon_C1,epsilon_H1,epsilon_H2,epsilon_O1,mse_liq_density,mapd_liq_density,mae_liq_density,mpd_liq_density,mse_surf_tens,mapd_surf_tens,mae_surf_tens,mpd_surf_tens,mse_vap_density,mapd_vap_density,mae_vap_density,mpd_vap_density,mse_Pvap,mapd_Pvap,mae_Pvap,mpd_Pvap,mse_Hvap,mapd_Hvap,mae_Hvap,mpd_Hvap,mse_diff_coeff,mapd_diff_coeff,mae_diff_coeff,mpd_diff_coeff,mse_Tc,mapd_Tc,mae_Tc,mpd_Tc,mse_rhoc,mapd_rhoc,mae_rhoc,mpd_rhoc,molecule
0,0.37687693584817,0.1800626504669,0.0,0.31507940549993,0.26262595062422,0.05536617456279,0.0,0.80895856363537,189.80103077423172,1.4365544087795408,12.533430507383896,-0.027667329686397416,15.938446316443198,17.127572478365266,3.6521419696969715,-3.792416977648457,17.810252871853347,36.35859933724823,2.1368618886371764,36.35859933724823,0.39323321134519496,31.109366341054557,0.39959336416036834,30.836649988265027,9056.645938343478,11.453593744779312,91.05050741303248,-11.453593744779315,,,,,85.32904137327498,1.2836814890161479,9.2373719949602,1.2836814890161479,1279.93354494367,9.127956638901951,35.776158890295505,-9.127956638901951,EG
