molecule,mapd_liq_density,mapd_surf_tens,Type
DMF,0.1746710848984604,0.010804044149704404,Optimized
DMF,0.6439091334137572,0.11902281021491934,Wang et. al.
DMF,0.11404719296076422,45.434095685183564,GAFF
