method,mae_liq_density,mae_vap_density,mae_Pvap,mae_Hvap,mae_surf_tens
AT-Dis_DMSO,0.9662137853191931,0.040325715349336606,0.01410446168077,,0.6605233333333355
AT-Dis_DMF,0.593045405665877,,,,1.2050133333333355
AT-Dis_MeOH,20.726552738256437,1.1344060742724091,1.340771222998305,90.1461843063293,1.6615609523809542
AT-Dis_DEC,2.6224321290363832,0.03313749229400001,0.05819030954159999,,0.7669033333333332
AT-Dis_EG,12.533430507383896,2.567362547101142,0.4751494978780049,95.66117579526527,3.6521419696969715
AT-Dis_Gly,3.9828838393029096,,,,1.7183666666666662
