method,mae_liq_density,mae_vap_density,mae_Pvap,mae_Hvap,mae_surf_tens
AT-Dis_DMSO,1.347826603977552,0.041891945006276465,0.01460225251108,,0.667712500000003
AT-Dis_MeOH,22.091741231267562,1.2094759316235686,1.4297956965498235,84.94506022669721,1.5067405555555569
AT-Dis_EG,12.533430507383896,3.7514308718720755,0.5169259081987011,101.07582582304344,3.6521419696969715
AT-Dis_Gly,3.9828838393029096,,,,2.0277083333333334
AT-Dis_DMF,0.593045405665877,,,,1.2106416666666675
AT-Dis_DEC,4.259412637939572,,,,0.8965666666666673
