method,mae_liq_density,mae_vap_density,mae_Pvap,mae_Hvap,mae_surf_tens
AT-Dis_EG,12.533430507383896,2.2909689022300146,0.4270194087626933,92.76375246217788,3.6521419696969715
AT-Dis_MeOH,20.726552738256437,1.0092958555241756,1.1924064883200989,97.76154449616729,1.6615609523809542
AT-Dis_DMSO,0.9662137853191931,0.03939385418835214,0.013725984898696,,0.6605233333333355
AT-Dis_DEC,2.6224321290363832,0.4545968407185,0.0463235005963,,0.7669033333333332
AT-Dis_Gly,3.9828838393029096,,,,1.7183666666666662
AT-Dis_DMF,0.593045405665877,,,,1.2050133333333355
