method,mae_liq_density,mae_vap_density,mae_Pvap,mae_Hvap,mae_surf_tens
AT-Dis_EG,13.735523702953666,6.879042108761579,0.5205640060362018,112.52985774430348,4.011730833333335
AT-Dis_DEC,4.259412637939572,,,,0.8965666666666673
AT-Dis_MeOH,45.69209904083616,1.7722981242449214,2.1564395300948753,96.24643092514361,1.5373383333333361
AT-Dis_DMSO,1.426111801698615,0.041891945006276465,0.01460225251108,,0.6664333333333362
AT-Dis_DMF,0.7957182498094918,,,,1.2106416666666675
AT-Dis_Gly,6.405257797597187,,,,2.6682499999999982
