method,mae_liq_density,mae_vap_density,mae_Pvap,mae_Hvap,mae_surf_tens
AT-Dis_Gly,3.9828838393029096,,,,1.7183666666666662
AT-Dis_EG,12.533430507383896,2.070227388010854,0.38870974482213944,90.35332367512778,3.6521419696969715
AT-Dis_MeOH,20.726552738256437,1.0092958555241756,1.1924064883200989,97.76154449616729,1.6615609523809542
AT-Dis_DEC,2.6224321290363832,0.4152076777536666,0.03487220395503334,,0.7669033333333332
AT-Dis_DMF,0.593045405665877,,,,1.2050133333333355
AT-Dis_DMSO,0.9662137853191931,0.037725974234872346,0.013033530439225402,,0.6605233333333355
