method,mae_liq_density,mae_vap_density,mae_Pvap,mae_Hvap,mae_surf_tens
AT-Dis_MeOH,20.726552738256437,1.1344060742724091,1.340771222998305,90.1461843063293,1.6317590000000013
AT-Dis_DEC,2.6224321290363832,,,,0.7862428571428569
AT-Dis_DMF,0.593045405665877,,,,1.2458791666666684
AT-Dis_Gly,3.9828838393029096,,,,1.7183666666666662
AT-Dis_DMSO,0.9662137853191931,0.041891945006276465,0.01460225251108,,0.667712500000003
AT-Dis_EG,12.533430507383896,2.922025546961781,0.5367323088857199,99.38240493243845,3.6521419696969715
