method,mapd_liq_density,mapd_vap_density,mapd_Pvap,mapd_Hvap,mapd_surf_tens
AT-Dis_DMSO,0.12567853315260716,302.7626304317074,301.8901077989328,,1.6582365787322912
AT-Dis_MeOH,4.175981378095986,37.84188835652208,42.41799838818287,7.443465050955313,27.932980741363423
AT-Dis_EG,1.4365544087795408,28.20110064470479,20.814952618150624,13.811233118826069,17.127572478365266
AT-Dis_Gly,0.3183047211927248,,,,3.2553501269048537
AT-Dis_DMF,0.06350012873439531,,,,3.6607709708512104
AT-Dis_DEC,0.44536218732574345,,,,3.691920125231702
