method,mapd_liq_density,mapd_vap_density,mapd_Pvap,mapd_Hvap,mapd_surf_tens
AT-Dis_DEC,0.2736939521934044,280.78348020187207,38.712806009108185,,3.107389705844532
AT-Dis_Gly,0.3183047211927248,,,,2.758666126255651
AT-Dis_DMSO,0.09015617151153245,272.01083500316355,270.89591936888166,,1.6487824010085348
AT-Dis_DMF,0.06350012873439531,,,,3.625021747150634
AT-Dis_MeOH,3.869599890085252,42.66034099309598,46.579660246099024,8.3873880897018,25.442635060317187
AT-Dis_EG,1.4365544087795408,36.35859933724823,31.109366341054557,11.453593744779312,17.127572478365266
