method,mapd_liq_density,mapd_vap_density,mapd_Pvap,mapd_Hvap,mapd_surf_tens
AT-Dis_Gly,0.3183047211927248,,,,2.758666126255651
AT-Dis_DEC,0.2736939521934044,280.78348020187207,38.712806009108185,,3.107389705844532
AT-Dis_DMSO,0.09015617151153245,253.85469963693242,252.84080527237919,,1.6487824010085348
AT-Dis_DMF,0.06350012873439531,,,,3.625021747150634
AT-Dis_MeOH,3.869599890085252,41.20071950939237,45.33902511778272,8.11216229735475,25.442635060317187
AT-Dis_EG,1.4365544087795408,34.17268926706931,28.433622916405167,11.940373494580282,17.127572478365266
