method,mapd_liq_density,mapd_vap_density,mapd_Pvap,mapd_Hvap,mapd_surf_tens
AT-Dis_MeOH,3.869599890085252,42.66034099309598,46.579660246099024,8.3873880897018,25.442635060317187
AT-Dis_EG,1.4365544087795408,37.949201381900394,32.82834866840954,11.317633637117162,17.127572478365266
AT-Dis_DMF,0.06350012873439531,,,,3.625021747150634
AT-Dis_Gly,0.3183047211927248,,,,2.758666126255651
AT-Dis_DEC,0.2736939521934044,363.186065886155,30.963772808043206,,3.107389705844532
AT-Dis_DMSO,0.09015617151153245,290.6460549041269,289.2843675482757,,1.6487824010085348
