method,mapd_liq_density,mapd_vap_density,mapd_Pvap,mapd_Hvap,mapd_surf_tens
AT-Dis_DMSO,0.09015617151153245,253.85469963693242,252.84080527237919,,1.6487824010085348
AT-Dis_DMF,0.06350012873439531,,,,3.625021747150634
AT-Dis_MeOH,3.869599890085252,39.63029164547225,43.93517514072479,7.829420777223136,25.442635060317187
AT-Dis_DEC,0.2736939521934044,27.386357267768602,61.73645130453234,,3.107389705844532
AT-Dis_EG,1.4365544087795408,32.10619090939995,25.978985211358445,12.34392504165519,17.127572478365266
AT-Dis_Gly,0.3183047211927248,,,,2.758666126255651
