method,mapd_liq_density,mapd_vap_density,mapd_Pvap,mapd_Hvap,mapd_surf_tens
AT-Dis_EG,1.7558424570063003,35.350669899922295,25.056032387819915,17.388830499816972,34.011417223677796
AT-Dis_DEC,0.44536218732574345,,,,3.691920125231702
AT-Dis_MeOH,9.611670506913624,43.02169298090364,45.76326811345252,8.174211875996237,61.09419254406312
AT-Dis_DMSO,0.13306770973504609,302.7626304317074,301.8901077989328,,1.6600006269134973
AT-Dis_DMF,0.08508714115370784,,,,3.6607709708512104
AT-Dis_Gly,0.5118644567991282,,,,4.271245737885987
