method,mapd_liq_density,mapd_vap_density,mapd_Pvap,mapd_Hvap,mapd_surf_tens
AT-Dis_MeOH,3.869599890085252,39.63029164547225,43.93517514072479,7.829420777223136,26.286330938280855
AT-Dis_DEC,0.2736939521934044,,,,3.197109972679909
AT-Dis_DMF,0.06350012873439531,,,,3.7479110557914246
AT-Dis_Gly,0.3183047211927248,,,,2.758666126255651
AT-Dis_DMSO,0.09015617151153245,302.7626304317074,301.8901077989328,,1.6582365787322912
AT-Dis_EG,1.4365544087795408,25.625609590630603,18.79542214779199,13.072700262134834,17.127572478365266
