param_rank,sensitivity_score
sigma_C1,21.985333262800616
temperature,11.64315533601909
sigma_O1,10.821359686306723
sigma_O2,8.277310836784393
sigma_C3,8.199828245700559
epsilon_O2,7.529227833337667
sigma_H2,7.262714948241913
epsilon_C1,7.137698672672248
sigma_C2,6.599669521790991
epsilon_O1,6.001174249835958
epsilon_H1,5.679079474674878
epsilon_C2,4.337883200195978
sigma_H1,3.372938085126986
epsilon_H2,0.8860860708749895
epsilon_C3,0.021983101576357345
