param_rank,sensitivity_score
sigma_H1,700.2258859741462
epsilon_C1,493.8064339901902
sigma_N1,318.4501194729538
sigma_O1,311.0405109489035
epsilon_N1,180.4398487184709
epsilon_C2,150.68457328947616
epsilon_O1,118.49151931248443
epsilon_H1,115.89772561756305
sigma_C1,56.21890964953786
sigma_H2,49.07824843680602
sigma_C2,6.505749010989514
epsilon_H2,5.370349318845293
