,sigma_C1,sigma_C2,sigma_C3,sigma_H1,sigma_H2,sigma_O1,sigma_O2,epsilon_C1,epsilon_C2,epsilon_C3,epsilon_H1,epsilon_H2,epsilon_O1,epsilon_O2,mse_liq_density,mapd_liq_density,mae_liq_density,mpd_liq_density,mse_surf_tens,mapd_surf_tens,mae_surf_tens,mpd_surf_tens,mse_vap_density,mapd_vap_density,mae_vap_density,mpd_vap_density,mse_Pvap,mapd_Pvap,mae_Pvap,mpd_Pvap,mse_Hvap,mapd_Hvap,mae_Hvap,mpd_Hvap,mse_diff_coeff,mapd_diff_coeff,mae_diff_coeff,mpd_diff_coeff,mse_Tc,mapd_Tc,mae_Tc,mpd_Tc,mse_rhoc,mapd_rhoc,mae_rhoc,mpd_rhoc,molecule
0,0.33328265708678,0.39620328795132,0.2443505793032,0.23968980201612,0.23967869730127,0.36012874028428,0.26026941620214,0.57616258222375,0.19262249518699,0.52565981962226,0.06312384284603,0.01718089792759,0.37856157621086,1.08053402600295,9.176111667523964,0.2736939521934044,2.6224321290363832,0.08128491501695416,0.790689024166667,3.107389705844532,0.7669033333333332,0.8519533045513517,0.2939190829000025,279.86924901171636,0.4152076777536666,279.86924901171636,0.001572215767910181,30.041551921147384,0.03487220395503334,-11.11608228187417,,,,,,,,,138.5574601892214,2.0435839049133464,11.771043292300874,-2.0435839049133464,5519.383155959858,30.266663060051968,74.29255114720357,30.266663060051968,DEC
