,t_exp,est_Hvap,H_method,expt_Hvap,apd_Hvap,mapd_Hvap,sigma_C1,sigma_C2,sigma_C3,sigma_H1,sigma_H2,sigma_O1,sigma_O2,epsilon_C1,epsilon_C2,epsilon_C3,epsilon_H1,epsilon_H2,epsilon_O1,epsilon_O2
0,294.15,,skipped,527.022,,9.348579986478937,0.33328265708678,0.39620328795132,0.2443505793032,0.23968980201612,0.23967869730127,0.36012874028428,0.26026941620214,0.57616258222375,0.19262249518699,0.52565981962226,0.06312384284603,0.01718089792759,0.37856157621086,1.08053402600295
1,298.15,,skipped,522.195,,9.348579986478937,0.33328265708678,0.39620328795132,0.2443505793032,0.23968980201612,0.23967869730127,0.36012874028428,0.26026941620214,0.57616258222375,0.19262249518699,0.52565981962226,0.06312384284603,0.01718089792759,0.37856157621086,1.08053402600295
2,330.95,,skipped,494.054,,9.348579986478937,0.33328265708678,0.39620328795132,0.2443505793032,0.23968980201612,0.23967869730127,0.36012874028428,0.26026941620214,0.57616258222375,0.19262249518699,0.52565981962226,0.06312384284603,0.01718089792759,0.37856157621086,1.08053402600295
3,338.35,526.8512997470543,estimated,481.809,9.348579986478937,9.348579986478937,0.33328265708678,0.39620328795132,0.2443505793032,0.23968980201612,0.23967869730127,0.36012874028428,0.26026941620214,0.57616258222375,0.19262249518699,0.52565981962226,0.06312384284603,0.01718089792759,0.37856157621086,1.08053402600295
4,384.1,,skipped,451.584,,9.348579986478937,0.33328265708678,0.39620328795132,0.2443505793032,0.23968980201612,0.23967869730127,0.36012874028428,0.26026941620214,0.57616258222375,0.19262249518699,0.52565981962226,0.06312384284603,0.01718089792759,0.37856157621086,1.08053402600295
