,sigma_C1,sigma_C2,sigma_C3,sigma_H1,sigma_H2,sigma_O1,sigma_O2,epsilon_C1,epsilon_C2,epsilon_C3,epsilon_H1,epsilon_H2,epsilon_O1,epsilon_O2,temperature,vap_density,vap_density_unc,Hvap,Hvap_unc,Pvap,Pvap_unc,liq_enthalpy,liq_enthalpy_unc,vap_enthalpy,vap_enthalpy_unc,restart,molecule,liq_density,liq_density_unc,surf_tens,surf_tens_unc,diff_coeff,diff_coeff_unc
0,0.33328265708678,0.39620328795132,0.2443505793032,0.23968980201612,0.23967869730127,0.36012874028428,0.26026941620214,0.57616258222375,0.19262249518699,0.52565981962226,0.06312384284603,0.01718089792759,0.37856157621086,1.08053402600295,273.18,,,,,,,,,,,1,DEC,1003.0592049801173,0.09894168280426337,30.285800000000002,0.18708286933869708,6.037000000000001e-10,1.71e-11
1,0.33328265708678,0.39620328795132,0.2443505793032,0.23968980201612,0.23967869730127,0.36012874028428,0.26026941620214,0.57616258222375,0.19262249518699,0.52565981962226,0.06312384284603,0.01718089792759,0.37856157621086,1.08053402600295,273.18,,,,,,,,,,,2,DEC,1003.1560252851984,0.1730209081060738,30.389100000000003,0.2,6.078e-10,2.72e-11
2,0.33328265708678,0.39620328795132,0.2443505793032,0.23968980201612,0.23967869730127,0.36012874028428,0.26026941620214,0.57616258222375,0.19262249518699,0.52565981962226,0.06312384284603,0.01718089792759,0.37856157621086,1.08053402600295,273.18,,,,,,,,,,,3,DEC,1002.9240665550186,0.06257369707337844,29.86065,0.17320508075688773,5.916e-10,6.17e-11
3,0.33328265708678,0.39620328795132,0.2443505793032,0.23968980201612,0.23967869730127,0.36012874028428,0.26026941620214,0.57616258222375,0.19262249518699,0.52565981962226,0.06312384284603,0.01718089792759,0.37856157621086,1.08053402600295,353.19,,,,,,,,,,,1,DEC,902.6569205325683,0.29292832634584764,18.8882,0.20615528128088303,2.8078e-09,2.8700000000000002e-11
4,0.33328265708678,0.39620328795132,0.2443505793032,0.23968980201612,0.23967869730127,0.36012874028428,0.26026941620214,0.57616258222375,0.19262249518699,0.52565981962226,0.06312384284603,0.01718089792759,0.37856157621086,1.08053402600295,353.19,,,,,,,,,,,2,DEC,902.4060845876493,0.4574704849644848,20.2114,0.18708286933869708,3.0375000000000003e-09,2.855e-10
5,0.33328265708678,0.39620328795132,0.2443505793032,0.23968980201612,0.23967869730127,0.36012874028428,0.26026941620214,0.57616258222375,0.19262249518699,0.52565981962226,0.06312384284603,0.01718089792759,0.37856157621086,1.08053402600295,353.19,,,,,,,,,,,3,DEC,902.8198158724791,0.5100224328045505,19.07935,0.18708286933869708,2.7855e-09,1.454e-10
