sigma_C1,sigma_H1,sigma_H2,sigma_O1,epsilon_C1,epsilon_H1,epsilon_H2,epsilon_O1,temperature
0.35984129497462336,0.3933541713665742,0.0,0.7077980711575209,-0.2053461052586574,-0.06627021227432649,0.0,-0.061905339357560686,0.4054843939591739
0.801693071261696,-0.463243648321707,0.0,0.08811900555528224,0.2005571107511255,0.03235617527942835,0.0,0.06420822213285467,-0.29922535002823236
0.46140601031353146,0.317485880264869,0.0,-0.6969880520982858,-0.2696587601663463,-0.09881439371434791,0.0,-0.025011097164287226,0.34265022747735285
-0.1115887990698878,-0.7208445189564171,0.0,0.01565700969097257,-0.27919851050725664,-0.13017638704131143,0.0,-0.195258567167675,0.5785001031937633
0.008826049408785988,0.042194263205305574,0.0,-0.0653627456908743,0.8138668049744346,0.2196615074327229,0.0,0.08179829597799511,0.525878447141857
-0.02795916408272482,-0.0920993265864874,0.0,0.02481592300429504,-0.2550331023326717,0.32293408425368797,0.0,0.8964081661071462,0.1313174125155662
0.03994097502934156,-0.001035217813103794,0.0,-0.018202363764399605,-0.19879916411700055,0.9029471524501069,0.0,-0.37822613427333046,-0.013514598493959399
0.0,0.0,0.0,0.0,0.0,0.0,1.0,0.0,0.0
0.0,0.0,1.0,0.0,0.0,0.0,0.0,0.0,0.0
