param_rank,sensitivity_score
temperature,133.7981157781672
sigma_O1,129.65727229373084
sigma_C1,75.70590006679781
epsilon_C1,73.49118382774536
sigma_H1,73.36279083144342
epsilon_O1,30.011930983942097
epsilon_H1,27.47048374148465
epsilon_H2,0.0
sigma_H2,0.0
