param_rank,sensitivity_score
sigma_C1,236.96012962644778
sigma_O1,221.00499234638835
sigma_H1,212.47770081885204
temperature,194.69897315914605
epsilon_C1,124.5093771881682
epsilon_O1,45.74840054482942
epsilon_H1,43.21404341018361
epsilon_H2,0.0
sigma_H2,0.0
