,sigma_C1,sigma_C2,sigma_C3,sigma_H1,sigma_H2,sigma_O1,sigma_O2,epsilon_C1,epsilon_C2,epsilon_C3,epsilon_H1,epsilon_H2,epsilon_O1,epsilon_O2
92521,0.11978636825389143,0.7227788682496253,0.6938318113092101,0.41880637954059297,0.9829675719033611,0.469703584133814,0.5151285283442762,0.06681124414508112,0.8020704173434536,0.9915163888117426,0.21965441873596575,0.33520364202063657,0.8146018830555867,0.5897548036166681
62156,0.3984480420752865,0.11234349069811651,0.880151797794714,0.4147659551736674,0.8538615840012288,0.49360534922493954,0.5409142753297655,0.5406384435964333,0.7843567971773021,0.8230623997055652,0.488029644398302,0.0038111098914646044,0.7541185854816751,0.7225019321622623
47303,0.3930522332459379,0.6091154820402391,0.6041928117346368,0.4703786783212965,0.6787443145349019,0.33225700282248105,0.8356220598955754,0.17664198186421143,0.6968067583406262,0.7383303390959879,0.029890956304121617,0.4031958874507166,0.6716691030674847,0.9631040098371647
54296,0.05524822131255885,0.677164226764412,0.6402114296105739,0.2708203006997485,0.9831805602813962,0.44709312566768844,0.7957884856017853,0.31788848277052384,0.4694998081123084,0.8296821232900453,0.1155127313807703,0.014130281270897072,0.7355378880740286,0.9023057120594242
119818,0.3678748832858581,0.8838892612498209,0.38524019741856574,0.40048676132900174,0.9741569556681575,0.4721884378387636,0.38574048458882043,0.27837502792463403,0.48697712426802325,0.818687571231503,0.4013634719553139,0.10839795284719952,0.39875287842601664,0.656012484232322
100804,0.18093270167170936,0.545163617098945,0.7273023667381503,0.15920219949618541,0.9660580724076964,0.35117937163520435,0.9487918100147035,0.059559223169945885,0.5455673404677129,0.7445991923523143,0.3678729472663704,0.22095085629537914,0.8387140109579388,0.9119278637897998
