,sigma_C1,sigma_C2,sigma_C3,sigma_H1,sigma_H2,sigma_O1,sigma_O2,epsilon_C1,epsilon_C2,epsilon_C3,epsilon_H1,epsilon_H2,epsilon_O1,epsilon_O2
31461,0.37752166239829493,0.0473829655491623,0.9619663250560403,0.1081221504308168,0.8594794254761402,0.8146630385902935,0.5372625107147438,0.9585347632429906,0.1003335090471194,0.294839395230282,0.5320595010448624,0.3082876266911369,0.6224046917809674,0.09457421806815577
22833,0.34971407733075316,0.16836730496976932,0.8955403789275719,0.5473018851614404,0.36133455971187395,0.88824878715958,0.03060776530110083,0.026768317722444496,0.8463845591437154,0.24984097351553125,0.16357838401674468,0.7029436728761275,0.7248974816255372,0.7989837351689805
81085,0.8858243240415681,0.3076515031542598,0.019399269867776226,0.5967704915762047,0.6490374107060383,0.4928202936903419,0.3051110074779587,0.9400158994113009,0.8998821987347747,0.05227110296321673,0.3137071539023854,0.968430495285984,0.13592631308144623,0.08386579141985756
28946,0.5836140591198411,0.6475449313651995,0.6105938678623212,0.3184772609415503,0.7125382276898139,0.90740461457171,0.26834499996953054,0.0017475650427688787,0.8634200626902045,0.15760322082003,0.01403607833182903,0.8397048590958371,0.16333609467630059,0.5877854509499563
111414,0.3403504930782711,0.15312859106563023,0.8957647153822337,0.3143716813217014,0.7225336620203202,0.7135863439601222,0.4418415797045426,0.23920213856213035,0.667230396897894,0.532411689105064,0.6576749787000055,0.918832223924752,0.6966894905013965,0.450761872878608
20838,0.5619725784376949,0.07704805831697036,0.8752555828628512,0.6152930729507432,0.5619980562727745,0.6384950568537694,0.3665639530965841,0.7899779190113978,0.029339552894931054,0.5949274601710606,0.35129177197972344,0.5907956450550751,0.562724140877432,0.329415948309219
112422,0.7772508045036107,0.9152428030515536,0.036898425198599934,0.5215916101230383,0.21271246770312188,0.006839913135530991,0.517548482334968,0.020256697262182162,0.7107021786142413,0.9220865166177534,0.5324178168790336,0.019196269882408565,0.10311956266390623,0.9769572700170607
68743,0.3984480420752865,0.11234349069811651,0.880151797794714,0.4147659551736674,0.8538615840012288,0.49360534922493954,0.5409142753297655,0.5406384435964333,0.7843567971773021,0.8230623997055652,0.488029644398302,0.0038111098914646044,0.7541185854816751,0.7225019321622623
