,temperature,est_Hvap,expt_Hvap,sigma_C1,sigma_C2,sigma_H1,sigma_H2,sigma_H3,sigma_H4,sigma_O1,sigma_O2,epsilon_C1,epsilon_C2,epsilon_H1,epsilon_H2,epsilon_H3,epsilon_H4,epsilon_O1,epsilon_O2
0,298.15,,982.734,0.20687153711138,0.37618970734281,0.18904291831096,0.15455902798758,0.0,0.0,0.32957088074028,0.33146184642797,0.26456235860806,0.3915325102766,0.06476500263015,0.04593875586522,0.0,0.0,0.87826822493179,0.83199643140579
