,sigma_C1,sigma_C2,sigma_H1,sigma_H2,sigma_H3,sigma_H4,sigma_O1,sigma_O2,epsilon_C1,epsilon_C2,epsilon_H1,epsilon_H2,epsilon_H3,epsilon_H4,epsilon_O1,epsilon_O2,temperature,vap_density,vap_density_unc,Hvap,Hvap_unc,Pvap,Pvap_unc,liq_enthalpy,liq_enthalpy_unc,vap_enthalpy,vap_enthalpy_unc,restart,molecule,liq_density,liq_density_unc,surf_tens,surf_tens_unc,diff_coeff,diff_coeff_unc
0,0.20687153711138,0.37618970734281,0.18904291831096,0.15455902798758,0.0,0.0,0.32957088074028,0.33146184642797,0.26456235860806,0.3915325102766,0.06476500263015,0.04593875586522,0.0,0.0,0.87826822493179,0.83199643140579,293.15,,,,,,,,,,,1,Gly,1268.6944816799842,0.4400094414759885,69.909,0.32015621187164245,8.58e-11,3.620000000000001e-11
1,0.20687153711138,0.37618970734281,0.18904291831096,0.15455902798758,0.0,0.0,0.32957088074028,0.33146184642797,0.26456235860806,0.3915325102766,0.06476500263015,0.04593875586522,0.0,0.0,0.87826822493179,0.83199643140579,293.15,,,,,,,,,,,2,Gly,1269.2366478213403,0.15437390911286383,63.903,0.34641016151377546,8.02e-11,2.8900000000000002e-11
2,0.20687153711138,0.37618970734281,0.18904291831096,0.15455902798758,0.0,0.0,0.32957088074028,0.33146184642797,0.26456235860806,0.3915325102766,0.06476500263015,0.04593875586522,0.0,0.0,0.87826822493179,0.83199643140579,293.15,,,,,,,,,,,3,Gly,1269.0674350377037,0.6106283931630596,67.741,0.36055512754639896,8.21e-11,3.89e-11
3,0.20687153711138,0.37618970734281,0.18904291831096,0.15455902798758,0.0,0.0,0.32957088074028,0.33146184642797,0.26456235860806,0.3915325102766,0.06476500263015,0.04593875586522,0.0,0.0,0.87826822493179,0.83199643140579,333.15,,,,,,,,,,,1,Gly,1230.9995012737093,0.20535700701682638,59.36000000000001,0.229128784747792,2.304e-10,5.0000000000000005e-12
4,0.20687153711138,0.37618970734281,0.18904291831096,0.15455902798758,0.0,0.0,0.32957088074028,0.33146184642797,0.26456235860806,0.3915325102766,0.06476500263015,0.04593875586522,0.0,0.0,0.87826822493179,0.83199643140579,333.15,,,,,,,,,,,2,Gly,1230.9614638031505,0.241845325676586,60.562000000000005,0.2738612787525831,2.1440000000000003e-10,5.3000000000000004e-12
5,0.20687153711138,0.37618970734281,0.18904291831096,0.15455902798758,0.0,0.0,0.32957088074028,0.33146184642797,0.26456235860806,0.3915325102766,0.06476500263015,0.04593875586522,0.0,0.0,0.87826822493179,0.83199643140579,333.15,,,,,,,,,,,3,Gly,1231.3060526765855,0.2521168881489667,57.94550000000001,0.25495097567963926,2.597e-10,6.14e-11
