,sigma_C1,sigma_H1,sigma_H2,sigma_O1,epsilon_C1,epsilon_H1,epsilon_H2,epsilon_O1,mse_liq_density,mapd_liq_density,mae_liq_density,mpd_liq_density,mse_surf_tens,mapd_surf_tens,mae_surf_tens,mpd_surf_tens,mse_vap_density,mapd_vap_density,mae_vap_density,mpd_vap_density,mse_Pvap,mapd_Pvap,mae_Pvap,mpd_Pvap,mse_Hvap,mapd_Hvap,mae_Hvap,mpd_Hvap,mse_diff_coeff,mapd_diff_coeff,mae_diff_coeff,mpd_diff_coeff,mse_Tc,mapd_Tc,mae_Tc,mpd_Tc,mse_rhoc,mapd_rhoc,mae_rhoc,mpd_rhoc,molecule
0,0.38831611733485,0.16003955207172,0.0,0.31033343733071,0.19567655595659,0.06648808753802,0.0,0.85954549168824,894.5781937150056,2.80214120700097,21.68172395327793,-2.3981629096563126,10.735549832514803,19.436500061833016,2.541371484848485,-18.746451234303606,167.1773541072421,75.01743701873977,5.999885852837274,75.01743701873977,9.40641818979791,64.51907814672781,1.7098779550085785,64.51907814672781,15326.898097051406,14.711926224814537,115.03044164446707,-14.711926224814539,,,,,,,,,,,,,EG
