,sigma_C1,sigma_H1,sigma_H2,sigma_O1,epsilon_C1,epsilon_H1,epsilon_H2,epsilon_O1,mse_liq_density,mapd_liq_density,mae_liq_density,mpd_liq_density,mse_surf_tens,mapd_surf_tens,mae_surf_tens,mpd_surf_tens,mse_vap_density,mapd_vap_density,mae_vap_density,mpd_vap_density,mse_Pvap,mapd_Pvap,mae_Pvap,mpd_Pvap,mse_Hvap,mapd_Hvap,mae_Hvap,mpd_Hvap,mse_diff_coeff,mapd_diff_coeff,mae_diff_coeff,mpd_diff_coeff,mse_Tc,mapd_Tc,mae_Tc,mpd_Tc,mse_rhoc,mapd_rhoc,mae_rhoc,mpd_rhoc,molecule
0,0.38212738674180063,0.15976727336857752,0.0,0.3099147534565693,0.20059475885829808,0.03307501279961385,0.0,1.023541602844665,273.44081372799695,1.6064443541952196,14.80053121431646,0.048444060885325456,4.2407395186666745,4.916065370981883,1.9440333333333357,4.916065370981884,0.013217768067131394,79.29155850684178,0.10220265609900617,79.29155850684181,0.0037128819961978906,77.85483436900326,0.05365359273763061,77.85483436900326,6945.791341124645,8.68825739545271,83.29942700477002,-8.68825739545271,,,,,,,,,,,,,EG
