,sigma_C1,sigma_H1,sigma_H2,sigma_O1,epsilon_C1,epsilon_H1,epsilon_H2,epsilon_O1,mse_liq_density,mapd_liq_density,mae_liq_density,mpd_liq_density,mse_surf_tens,mapd_surf_tens,mae_surf_tens,mpd_surf_tens,mse_vap_density,mapd_vap_density,mae_vap_density,mpd_vap_density,mse_Pvap,mapd_Pvap,mae_Pvap,mpd_Pvap,mse_Hvap,mapd_Hvap,mae_Hvap,mpd_Hvap,mse_diff_coeff,mapd_diff_coeff,mae_diff_coeff,mpd_diff_coeff,mse_Tc,mapd_Tc,mae_Tc,mpd_Tc,mse_rhoc,mapd_rhoc,mae_rhoc,mpd_rhoc,molecule
0,0.38461917149717,0.20094634153391,0.0,0.29518598921637,0.52689462833454,0.03225801752084,0.0,0.86030093764463,1075.4447524508444,3.869599890085252,20.726552738256437,3.869599890085252,3.290967811516672,25.442635060317187,1.6615609523809542,25.442635060317187,3.1072464982065604,41.20071950939237,1.0681670121323745,-41.200719509392364,4.296117370360125,45.33902511778272,1.2622254972115547,-45.33902511778271,12800.110753806934,8.11216229735475,94.02160835268857,8.095939560557163,,,,,,,,,,,,,MeOH
