,sigma_C1,sigma_H1,sigma_H2,sigma_O1,epsilon_C1,epsilon_H1,epsilon_H2,epsilon_O1,mse_liq_density,mapd_liq_density,mae_liq_density,mpd_liq_density,mse_surf_tens,mapd_surf_tens,mae_surf_tens,mpd_surf_tens,mse_vap_density,mapd_vap_density,mae_vap_density,mpd_vap_density,mse_Pvap,mapd_Pvap,mae_Pvap,mpd_Pvap,mse_Hvap,mapd_Hvap,mae_Hvap,mpd_Hvap,mse_diff_coeff,mapd_diff_coeff,mae_diff_coeff,mpd_diff_coeff,mse_Tc,mapd_Tc,mae_Tc,mpd_Tc,mse_rhoc,mapd_rhoc,mae_rhoc,mpd_rhoc,molecule
0,0.38461917149717,0.20094634153391,0.0,0.29518598921637,0.52689462833454,0.03225801752084,0.0,0.86030093764463,1182.2866853268172,4.175981378095986,22.091741231267562,4.175981378095986,2.7109263938527826,27.932980741363423,1.5067405555555569,27.932980741363423,3.739411851007368,37.971224638205555,1.2468312067103948,-37.97122463820556,5.188148449026893,42.65491981870076,1.4867566061110253,-42.65491981870074,11096.542863269135,7.3237793171856955,84.00432833706653,7.304080279645769,,,,,,,,,,,,,MeOH
