,sigma_C1,sigma_H1,sigma_H2,sigma_O1,epsilon_C1,epsilon_H1,epsilon_H2,epsilon_O1,mse_liq_density,mapd_liq_density,mae_liq_density,mpd_liq_density,mse_surf_tens,mapd_surf_tens,mae_surf_tens,mpd_surf_tens,mse_vap_density,mapd_vap_density,mae_vap_density,mpd_vap_density,mse_Pvap,mapd_Pvap,mae_Pvap,mpd_Pvap,mse_Hvap,mapd_Hvap,mae_Hvap,mpd_Hvap,mse_diff_coeff,mapd_diff_coeff,mae_diff_coeff,mpd_diff_coeff,mse_Tc,mapd_Tc,mae_Tc,mpd_Tc,mse_rhoc,mapd_rhoc,mae_rhoc,mpd_rhoc,molecule
0,0.38461917149717,0.20094634153391,0.0,0.29518598921637,0.52689462833454,0.03225801752084,0.0,0.86030093764463,1075.4447524508444,3.869599890085252,20.726552738256437,3.869599890085252,3.2006783140925057,26.286330938280855,1.6317590000000013,26.286330938280855,3.301445055015564,39.63029164547225,1.1344060742724091,-39.63029164547225,4.564622819584617,43.93517514072479,1.340771222998305,-43.93517514072478,12078.563960192858,7.829420777223136,90.1461843063293,7.812184119375701,,,,,,,,,,,,,MeOH
