,sigma_C1,sigma_H1,sigma_H2,sigma_O1,epsilon_C1,epsilon_H1,epsilon_H2,epsilon_O1,mse_liq_density,mapd_liq_density,mae_liq_density,mpd_liq_density,mse_surf_tens,mapd_surf_tens,mae_surf_tens,mpd_surf_tens,mse_vap_density,mapd_vap_density,mae_vap_density,mpd_vap_density,mse_Pvap,mapd_Pvap,mae_Pvap,mpd_Pvap,mse_Hvap,mapd_Hvap,mae_Hvap,mpd_Hvap,mse_diff_coeff,mapd_diff_coeff,mae_diff_coeff,mpd_diff_coeff,mse_Tc,mapd_Tc,mae_Tc,mpd_Tc,mse_rhoc,mapd_rhoc,mae_rhoc,mpd_rhoc,molecule
0,0.38461917149717,0.20094634153391,0.0,0.29518598921637,0.52689462833454,0.03225801752084,0.0,0.86030093764463,3404.4459202679377,9.611670506913624,45.69209904083616,9.611670506913624,2.7257245782250084,61.09419254406312,1.5373383333333361,61.09419254406311,7.0717304715336455,43.02169298090364,1.7722981242449214,-43.02169298090363,9.802945563380565,45.76326811345252,2.1564395300948753,-45.76326811345252,14429.012298248244,8.174211875996237,96.24643092514361,8.174211875996237,,,,,,,,,,,,,MeOH
