,sigma_C1,sigma_H1,sigma_H2,sigma_O1,epsilon_C1,epsilon_H1,epsilon_H2,epsilon_O1,mse_liq_density,mapd_liq_density,mae_liq_density,mpd_liq_density,mse_surf_tens,mapd_surf_tens,mae_surf_tens,mpd_surf_tens,mse_vap_density,mapd_vap_density,mae_vap_density,mpd_vap_density,mse_Pvap,mapd_Pvap,mae_Pvap,mpd_Pvap,mse_Hvap,mapd_Hvap,mae_Hvap,mpd_Hvap,mse_diff_coeff,mapd_diff_coeff,mae_diff_coeff,mpd_diff_coeff,mse_Tc,mapd_Tc,mae_Tc,mpd_Tc,mse_rhoc,mapd_rhoc,mae_rhoc,mpd_rhoc,molecule
0,0.38461917149717,0.20094634153391,0.0,0.29518598921637,0.52689462833454,0.03225801752084,0.0,0.86030093764463,1182.2866853268172,4.175981378095986,22.091741231267562,4.175981378095986,2.7109263938527826,27.932980741363423,1.5067405555555569,27.932980741363423,3.5215367347005113,37.84188835652208,1.2094759316235686,-37.84188835652208,4.868929060589591,42.41799838818287,1.4297956965498235,-42.41799838818285,10998.547566065195,7.443465050955313,84.94506022669721,7.425079282584714,,,,,,,,,,,,,MeOH
