,temperature,est_Hvap,expt_Hvap,apd_Hvap,mapd_Hvap,sigma_C1,sigma_H1,sigma_H2,sigma_O1,epsilon_C1,epsilon_H1,epsilon_H2,epsilon_O1
0,200.0,1457.7892862393826,1289.99,13.007797443343172,8.37206661605964,0.38461917149717,0.20094634153391,0.0,0.29518598921637,0.52689462833454,0.03225801752084,0.0,0.86030093764463
1,250.0,1396.633965843518,1234.79,13.107003283434263,8.37206661605964,0.38461917149717,0.20094634153391,0.0,0.29518598921637,0.52689462833454,0.03225801752084,0.0,0.86030093764463
2,300.0,1299.7248257225722,1166.17,11.452431954395337,8.37206661605964,0.38461917149717,0.20094634153391,0.0,0.29518598921637,0.52689462833454,0.03225801752084,0.0,0.86030093764463
3,350.0,1155.6484961764609,1075.936,7.408665215817758,8.37206661605964,0.38461917149717,0.20094634153391,0.0,0.29518598921637,0.52689462833454,0.03225801752084,0.0,0.86030093764463
4,400.0,962.6667851226749,944.57,1.9158754907179851,8.37206661605964,0.38461917149717,0.20094634153391,0.0,0.29518598921637,0.52689462833454,0.03225801752084,0.0,0.86030093764463
5,450.0,763.883575610905,739.19,3.3406263086493304,8.37206661605964,0.38461917149717,0.20094634153391,0.0,0.29518598921637,0.52689462833454,0.03225801752084,0.0,0.86030093764463
6,500.0,,547.03,,8.37206661605964,0.38461917149717,0.20094634153391,0.0,0.29518598921637,0.52689462833454,0.03225801752084,0.0,0.86030093764463
