param_rank,sensitivity_score
sigma_O1,2882.6456037691573
sigma_H2,945.5531177656368
temperature,773.1020525960023
epsilon_H1,399.8375312995297
epsilon_C2,215.30549550193746
epsilon_O2,187.91638381946615
sigma_H1,124.36543194788837
epsilon_O1,120.04920228202235
epsilon_C1,94.06570354085997
epsilon_H2,36.5787307682744
sigma_O2,0.1266443052435292
sigma_C2,0.11199038202855968
sigma_C1,0.042737903217523965
sigma_H3,7.06402448231118e-14
sigma_H4,1.592257690546532e-14
epsilon_H3,8.22605225029385e-19
epsilon_H4,0.0
