param_rank,sensitivity_score
temperature,157.17401771042864
epsilon_C2,110.42310261907214
epsilon_O2,96.33408721129314
epsilon_O1,61.55497083884794
epsilon_C1,48.22368082167008
epsilon_H2,18.71427216250831
epsilon_H1,9.941443374968555
sigma_C1,4.079467736331486e-13
sigma_C2,2.549667335207265e-14
sigma_H2,3.221136859683854e-26
sigma_H1,4.106571452733467e-27
sigma_H4,7.057445269901377e-39
sigma_O1,5.522315560994864e-40
sigma_O2,3.8875041944532615e-40
sigma_H3,1.0684200269523862e-40
epsilon_H3,0.0
epsilon_H4,0.0
