,sigma_C1,sigma_H1,sigma_O1,sigma_S1,epsilon_C1,epsilon_H1,epsilon_O1,epsilon_S1,mse_liq_density,mapd_liq_density,mae_liq_density,mpd_liq_density,mse_surf_tens,mapd_surf_tens,mae_surf_tens,mpd_surf_tens,mse_vap_density,mapd_vap_density,mae_vap_density,mpd_vap_density,mse_Pvap,mapd_Pvap,mae_Pvap,mpd_Pvap,mse_Hvap,mapd_Hvap,mae_Hvap,mpd_Hvap,mse_diff_coeff,mapd_diff_coeff,mae_diff_coeff,mpd_diff_coeff,mse_Tc,mapd_Tc,mae_Tc,mpd_Tc,mse_rhoc,mapd_rhoc,mae_rhoc,mpd_rhoc,molecule
0,0.22247185352785,0.21961433506045,0.32010669144229,0.44088189405164,0.59591595522664,0.08147294942079,0.81394095512874,0.9708845471698,1.1896319626390204,0.09015617151153245,0.9662137853191931,0.02478212483854702,0.5043247298333364,1.6487824010085348,0.6605233333333355,1.4619226664768497,0.0017632217903425238,272.01083500316355,0.037482307471050774,272.01083500316355,0.00021581263021863958,270.89591936888166,0.013016527550603675,270.8959193688817,,,,,,,,,5169.912651010646,10.375484074382966,71.90210463547396,-10.375484074382966,1.3186382992730057,0.31374857164500064,1.1483197722207024,-0.31374857164500064,DMSO
