,sigma_C1,sigma_H1,sigma_O1,sigma_S1,epsilon_C1,epsilon_H1,epsilon_O1,epsilon_S1,mse_liq_density,mapd_liq_density,mae_liq_density,mpd_liq_density,mse_surf_tens,mapd_surf_tens,mae_surf_tens,mpd_surf_tens,mse_vap_density,mapd_vap_density,mae_vap_density,mpd_vap_density,mse_Pvap,mapd_Pvap,mae_Pvap,mpd_Pvap,mse_Hvap,mapd_Hvap,mae_Hvap,mpd_Hvap,mse_diff_coeff,mapd_diff_coeff,mae_diff_coeff,mpd_diff_coeff,mse_Tc,mapd_Tc,mae_Tc,mpd_Tc,mse_rhoc,mapd_rhoc,mae_rhoc,mpd_rhoc,molecule
0,0.22247185352785,0.21961433506045,0.32010669144229,0.44088189405164,0.59591595522664,0.08147294942079,0.81394095512874,0.9708845471698,1.1896319626390204,0.09015617151153245,0.9662137853191931,0.02478212483854702,0.5043247298333364,1.6487824010085348,0.6605233333333355,1.4619226664768497,0.0015290673333682562,277.84474935204145,0.03573488155344378,277.84474935204145,0.000185133124405364,276.6007514068163,0.01234490647822683,276.6007514068163,,,,,,,,,5272.3581134494125,10.477778565196767,72.61100545681359,-10.477778565196767,1.5498274980683016,0.3401422621388887,1.2449206794283327,-0.3401422621388887,DMSO
