,t_exp,est_Hvap,H_method,expt_Hvap,apd_Hvap,mapd_Hvap,sigma_C1,sigma_H1,sigma_O1,sigma_S1,epsilon_C1,epsilon_H1,epsilon_O1,epsilon_S1
0,308,,skipped,669.397,,14.544474359965259,0.22247185352785,0.21961433506045,0.32010669144229,0.44088189405164,0.59591595522664,0.08147294942079,0.81394095512874,0.9708845471698
1,318,779.2852899874649,estimated,666.837,16.862935018222583,14.544474359965259,0.22247185352785,0.21961433506045,0.32010669144229,0.44088189405164,0.59591595522664,0.08147294942079,0.81394095512874,0.9708845471698
2,320,580.8162666533323,estimated,661.718,12.226013701707933,14.544474359965259,0.22247185352785,0.21961433506045,0.32010669144229,0.44088189405164,0.59591595522664,0.08147294942079,0.81394095512874,0.9708845471698
3,340,,skipped,647.639,,14.544474359965259,0.22247185352785,0.21961433506045,0.32010669144229,0.44088189405164,0.59591595522664,0.08147294942079,0.81394095512874,0.9708845471698
4,368,,skipped,615.641,,14.544474359965259,0.22247185352785,0.21961433506045,0.32010669144229,0.44088189405164,0.59591595522664,0.08147294942079,0.81394095512874,0.9708845471698
