sigma_C1,sigma_H1,sigma_H2,sigma_O1,epsilon_C1,epsilon_H1,epsilon_H2,epsilon_O1,temperature
0.39685634926742136,0.046830311488661173,0.0,0.47602945617693476,0.6602441165079055,0.13781372365394698,0.0,0.3701590321894079,-0.1475645347020469
0.7941422059290472,-0.002848544224022607,0.0,0.23777642300243793,-0.3969931776082993,-0.12877466417897981,0.0,-0.3455713633887836,0.13851480363409033
-0.42803825384896865,0.20305307940631778,0.0,0.8203147289922564,-0.316371772985641,-0.016602470788409304,0.0,-0.045050394352389105,0.015497315065403692
0.09506785714059429,-0.49713159102953164,0.0,0.026190449870634364,-0.4925438940444756,0.23275978287516008,0.0,0.623863979146343,-0.23906793075153418
0.13994035907501023,0.8422565607491771,0.0,-0.20797681982522687,-0.25252409431848966,0.13360072240137805,0.0,0.3547797365131785,-0.1424078351580663
-0.0022889499745502445,0.005595398087431572,0.0,0.0013216457387017968,0.0038438800662498967,0.12144472912952818,0.0,0.3222333488454642,0.9388097659937973
-8.484618278366642e-05,-0.0010066086372312849,0.0,0.00017583492290542825,0.0005861921617532168,0.9366822991913205,0.0,-0.35017699615777376,-0.0009730080094005937
0.0,0.0,1.0,0.0,0.0,0.0,0.0,0.0,0.0
0.0,0.0,0.0,0.0,0.0,0.0,1.0,0.0,0.0
