param_rank,sensitivity_score
sigma_O1,183.2363710097536
sigma_C1,157.10496839002423
epsilon_C1,116.93151534285448
epsilon_O1,54.11850790153801
sigma_H1,52.760981929337945
temperature,21.708766154757104
epsilon_H1,20.17852329242955
epsilon_H2,0.0
sigma_H2,0.0
