molecule,mapd_liq_density,mapd_surf_tens,Type
MeOH,3.114565174106392,4.268236736275827,Opt_All
MeOH,1.7279120608468541,2.4919200358496,Opt_One
MeOH,1.1850378600599047,7.680390071870686,Literature
MeOH,1.6095265977893058,13.810195978639078,GAFF
