molecule,mapd_liq_density,mapd_surf_tens,Type
MeOH,8.594646681722226,6.35487768588269,Opt_All
MeOH,1.7279120608468541,2.4919200358496,Opt_One
MeOH,1.1850378600599047,7.680390071870686,Literature
MeOH,1.6095265977893058,13.810195978639078,GAFF
