sigma_C1,sigma_H1,sigma_O1,sigma_S1,epsilon_C1,epsilon_H1,epsilon_O1,epsilon_S1
0.39839493584938845,0.7127813503134582,0.4940541575776108,0.1742287118521843,-0.22773187323934463,-0.0013281198326535973,-0.06352866163146483,-0.05366196270557099
0.3965089512112153,-0.5072814703859598,0.37130955601922094,0.5731862533073315,0.334677383932811,0.06974331804263195,0.04554460088885952,0.009246709843109886
0.6319371861931805,0.21838226501468197,-0.5249585766467949,-0.19037433209697222,0.48894215475984004,-0.014882221807973273,0.03007141635824549,0.03082992390484989
-0.5302376619681461,0.3989169124462976,0.0834501142024827,0.259562932211569,0.6964684542673593,-0.012057483179330938,0.012349012707632286,0.003208216195211844
-0.055810538857366386,0.15145914287984139,-0.5738622304783098,0.7271298044638559,-0.3312404390498816,0.0596235388847958,0.035561055852543044,0.03701237815807391
-0.01211638746880539,0.06950765376972812,0.06562077522399873,-0.07900162797060706,-0.03351130637686402,0.5064422857050734,0.7155567996139611,0.46351505475021054
-0.01743134563593803,0.0008941476085306176,-0.04041529591943046,-0.05004831127696002,0.03165887774258908,0.8377337176858116,-0.30345619587527134,-0.44796360341074776
-0.0002575504244455712,-0.003279381852951185,0.015392607929005844,-0.004767563619930494,0.012287532179699126,0.18146819383169085,-0.622463834533647,0.7610431020374465
