param_rank,sensitivity_score
sigma_H1,1253.6571905602439
sigma_O1,868.955832020122
sigma_C1,700.7105038636556
epsilon_C1,400.54597001924736
sigma_S1,306.44838635838613
epsilon_O1,111.7359587193979
epsilon_S1,94.38153646935442
epsilon_H1,2.337659762199521
