method,mae_liq_density,mae_vap_density,mae_Pvap,mae_Hvap,mae_surf_tens
AT-Dis_EG,21.68172395327793,5.804323358214279,1.6552364416809666,113.96554366944851,2.541371484848485
AT-Dis_MeOH,27.8480548901626,5.7938495848138505,3.023699654389488,205.85518702570081,1.5354959523809524
AT-Dis_DEC,6.232134119984835,0.5795573311190001,0.037322348263999994,,0.9029066666666655
AT-Dis_DMF,6.0254290295600414,,,,0.7143966666666661
AT-Dis_DMSO,5.658047635503135,0.016401728614211616,0.005774200150317436,,0.5950399999999997
AT-Dis_Gly,4.35180941685832,,,,1.4448333333333314
