method,mae_liq_density,mae_vap_density,mae_Pvap,mae_Hvap,mae_surf_tens
AT-Dis_DEC,6.232134119984835,0.8570387248245,0.0667182051745,,0.9029066666666655
AT-Dis_DMF,6.0254290295600414,,,,0.7143966666666661
AT-Dis_Gly,4.35180941685832,,,,1.4448333333333314
AT-Dis_DMSO,5.658047635503135,0.01251557637763429,0.0043173458257466015,,0.5950399999999997
AT-Dis_EG,21.68172395327793,5.804323358214279,1.6552364416809666,113.96554366944851,2.541371484848485
AT-Dis_MeOH,27.8480548901626,2.640022997574773,3.0140895528403786,166.09633821397034,1.5354959523809524
