method,mapd_liq_density,mapd_vap_density,mapd_Pvap,mapd_Hvap,mapd_surf_tens
AT-Dis_EG,2.80214120700097,75.22148609746434,65.0319320790944,14.512740141258812,19.436500061833016
AT-Dis_MeOH,5.29769889601969,1341.4395056619549,71.76385952638586,17.52105485819967,33.17117670876567
AT-Dis_DEC,0.6660682828479801,353.38861653597564,16.993979748748977,,3.934801835148691
AT-Dis_DMF,0.6471854346332364,,,,2.163597612402637
AT-Dis_DMSO,0.5292257433329478,102.45592471232563,102.51696028316258,,1.4780434427573412
AT-Dis_Gly,0.34917978230736624,,,,2.333260838314121
