{"mol_name": "DEC", "atom_type": 0, "obj_choice": "ExpVal", "train_mol_str": "DEC", "param_set": 3, "smiles": "CCOC(=O)OCC", "T": 353.19, "P": 0.219621, "rho_liq": 897.76, "rho_thresh": 453.23199999999997, "mol_wt": 118.13, "aspect_ratio": 3.0, "nsteps_nvt_eq": 100000, "nsteps_npzzat_eq": 500000, "nsteps_npzzat_prod": 2500000, "nsteps_intereq": 40000000, "nsteps_interprod": 40000000, "max_sigma": 0.39999999999999997, "sigma_C1": 0.27657624757854, "sigma_C2": 0.38158509147427844, "sigma_C3": 0.379220674644251, "sigma_H1": 0.26836823824067735, "sigma_H2": 0.2477702794405351, "sigma_O1": 0.2342811605209551, "sigma_O2": 0.3124836599798886, "epsilon_C1": 0.6077141030257673, "epsilon_C2": 0.4142488974903469, "epsilon_C3": 0.3791304098857019, "epsilon_H1": 0.0361563766347148, "epsilon_H2": 0.07785018094328201, "epsilon_O1": 0.8306573305772214, "epsilon_O2": 0.6592654985744273, "nmols": 2020, "restart": 1}