sigma_C1,sigma_H1,sigma_H2,sigma_O1,epsilon_C1,epsilon_H1,epsilon_H2,epsilon_O1,temperature
0.11789580696814472,0.2832234419008995,0.0,0.9432937824563159,-0.11705092534972326,0.00943138499692555,0.0,-0.027868460864862984,0.038927874039455225
0.7359508101383702,0.5071283529651155,0.0,-0.20850310103071013,0.24413745614850832,0.25984129356699825,0.0,0.15240250453537985,-0.08588700024015025
-0.6612397987709278,0.6598393662296861,0.0,-0.07999600781749364,0.25064175240270653,0.20495769427379518,0.0,0.08270803427840712,-0.09646250361940961
-0.009833260860616139,-0.3093809246804096,0.0,0.20266119909190905,0.9205897916342701,-0.013972651154331746,0.0,-0.02851931159935938,0.12091748521930394
0.031959801056229406,0.26621142976404816,0.0,-0.12444218645156112,-0.009834305129211898,-0.2959331679267472,0.0,-0.18951682833979483,0.888276086782748
-0.0753706214826776,-0.20135283703192933,0.0,0.061280739199515495,-0.10054482385843574,0.40819855068637384,0.0,0.7948751166092858,0.3761106300649629
-0.02097760215082358,-0.14173665537317048,0.0,0.0033447257052803725,-0.07863304463952674,0.7974886601391525,0.0,-0.5482698023815159,0.19154210654134537
0.0,0.0,0.0,0.0,0.0,0.0,1.0,0.0,0.0
0.0,0.0,1.0,0.0,0.0,0.0,0.0,0.0,0.0
