param_rank,sensitivity_score
sigma_O1,2417.288919243434
sigma_H1,1368.2252764057675
sigma_C1,944.2454147767551
epsilon_C1,374.6750209603505
epsilon_H1,174.80330773345506
epsilon_O1,161.37507266183343
temperature,116.2949341782014
epsilon_H2,0.0
sigma_H2,0.0
