,t_exp,est_Hvap,H_method,expt_Hvap,sigma_C1,sigma_C2,sigma_H1,sigma_H2,sigma_O1,sigma_N1,epsilon_C1,epsilon_C2,epsilon_H1,epsilon_H2,epsilon_O1,epsilon_N1
0,298.15,,skipped,641.538,0.365639254254,0.39848306002572,0.22644611816413,0.15921003399472,0.25342145843138,0.36670910705226,0.30021991110714,0.29285071283217,0.05317085360034,0.07367976540338,0.73578934632093,0.40201345735457
