param_rank,sensitivity_score
epsilon_C1,68.47901213484222
sigma_O1,49.834234343613
sigma_C1,43.09864489025331
epsilon_O1,38.85005354038489
epsilon_H1,14.464840722366143
sigma_H1,5.383845128156981
epsilon_H2,0.0
sigma_H2,0.0
