sigma_C1,sigma_C2,sigma_H1,sigma_H2,sigma_O1,sigma_N1,epsilon_C1,epsilon_C2,epsilon_H1,epsilon_H2,epsilon_O1,epsilon_N1
3.65921619008991,3.968002436567032,2.221619896702033,1.6579237614597415,2.5685962419813446,3.431467226363176,38.06545173549343,33.948543756524714,5.770838862292258,8.443854331781992,90.81386155622457,50.83041079495658
3.4560980697553485,2.1779747379323293,1.9428824304555767,1.8975455728313808,3.407656636500604,3.806674332798684,40.77962785273116,71.44887399774943,9.589294413847414,2.1667713881793262,99.81303926003504,88.15677048253234
3.400940461319395,3.761584778064516,1.743287314041639,2.749865923287912,3.611256228626307,2.458398078509332,56.32173434165039,62.29212512516808,7.85595215617825,3.4793627376225804,75.05145550519516,77.38181156975938
3.74951201801851,2.5091281868692503,2.237992524668953,2.7552063539005287,2.547558998869274,2.5875615168590658,72.50180767491523,10.334602414430831,5.715893834356343,9.890985985823164,108.93417817225586,81.55651026977276
