sigma_C1,sigma_C2,sigma_H1,sigma_H2,sigma_O1,sigma_N1,epsilon_C1,epsilon_C2,epsilon_H1,epsilon_H2,epsilon_O1,epsilon_N1
3.118494696849554,3.192023989400801,2.654674660979049,2.323245562757504,2.726394348051519,3.77512091374767,46.91115326321064,38.7112256585604,5.686086087233419,2.2662773841518344,96.5381919459756,94.20993230233456
3.406182417501902,3.744898829177066,1.7618703550472072,2.6957845090802057,3.6250789784468567,2.345993336442747,56.58882430855617,60.44059232809333,7.856096500583246,2.7552676226666377,75.00643409395815,78.36549444189431
3.804484602545666,2.529190262858564,2.182898994090552,2.754279999161591,2.62755157379182,2.887568048478879,70.31886402543896,11.22064396604633,4.719785415524092,9.981467320142553,110.06707163831685,82.43380117343784
3.430168455611624,3.713987275747389,2.524948177703127,2.156170960677308,2.5508195229884087,3.0729726427965294,29.33551985468149,40.50100927825561,9.570875764883684,10.000000000000002,127.16560160009708,97.35676983392403
3.652622840219575,3.9720150456575865,2.2598838708228355,1.6069452133550708,2.5358478496974763,3.67527616298555,36.82683182843086,35.61105027068147,6.511802932749933,8.959932550310036,88.7766087868615,48.21357432206962
