molecule,mapd_liq_density,mapd_surf_tens,Type
MeOH,0.9346915944719003,2.8592405594323513,Opt_All
MeOH,1.4411456967278773,2.4917843009929563,Opt_One
MeOH,1.1850378600599047,7.52682645514623,Literature
MeOH,1.6095265977893058,13.507460179720715,GAFF
